Company,Revenue (in millions),Profit (in millions)
1955,1,Amoco,1738.0,13411.8
1955,2,DuPont,29729.4,816.5
1955,3,General Electric,28281.6,5488.0
1955,4,Raytheon,29668.7,-
1955,5,Eastman Kodak,35057.9,18930.3
1955,6,Bank of America,5559.4,3598.9
1955,7,Walt Disney,40452.8,19327.9
1955,8,Morgan Stanley,4400.6,17136.3
1955,9,Wells Fargo,29078.9,697.5
1955,10,Dell,49268.5,4503.2
1955,11,UnitedHealth Group,31966.4,237.7
1955,12,McDonald's,35240.1,10874.5
1955,13,Johnson & Johnson,8588.4,11000.0
1955,14,Microsoft,34388.4,726.2
1955,15,Esmark,40349.8,17828.4
1955,16,Amazon,11025.0,11071.3
1955,17,PepsiCo,13611.6,1568.5
1955,18,General Dynamics,44942.2,19938.4
1955,19,Wendy's International,24929.0,-1179.0
1955,20,Eastman Kodak,39707.9,4540.5
1955,21,Merck,26691.2,-4713.0
1955,22,Amoco,34244.7,11024.0
1955,23,Amoco,15028.3,-
1955,24,Walt Disney,48608.5,-2339.7
1955,25,Cisco Systems,42162.6,4347.8
1955,26,Eastman Kodak,27199.3,-4985.7
1955,27,Google,24686.0,19633.0
1955,28,Oracle,12352.9,-3031.1
1955,29,Eli Lilly,40893.2,-1856.0
1955,30,Bristol-Myers Squibb,47369.0,10164.8
1955,31,Intel,46481.2,12823.7
1955,32,AIG,49759.9,7939.4
1955,33,Shell Oil,12771.3,8848.0
1955,34,Microsoft,855.9,-3315.0
1955,35,Esmark,43052.0,11724.4
1955,36,Intel,27192.1,9405.3
1955,37,Johnson & Johnson,39338.7,-2576.7
1955,38,Lockheed Martin,18037.7,-3645.7
1955,39,Chrysler,3500.3,-2268.3
1955,40,Goodyear,9915.3,1963.6
1955,41,Johnson & Johnson,43787.1,16399.2
1955,42,Chrysler,3004.1,19224.9
1955,43,Walmart,8732.4,5026.0
1955,44,Mobil,8649.5,N.A.
1955,45,American Express,13627.6,5575.2
1955,46,Eli Lilly,8162.4,9479.5
1955,47,Mobil,37524.8,7571.3
1955,48,Cincinnati Financial,8292.9,-354.4
1955,49,Texaco,33923.0,17257.2
1955,50,Johnson & Johnson,29156.5,11434.3
1956,1,Kindred Healthcare,16160.3,2854.6
1956,2,Walt Disney,20091.4,2904.4
1956,3,Chevron,961.1,-2500.5
1956,4,Intel,25541.3,-3280.2
1956,5,Johnson & Johnson,18791.6,12588.5
1956,6,Cincinnati Financial,887.2,11584.7
1956,7,Coca-Cola,13591.1,-1113.8
1956,8,Hewlett-Packard,30439.1,10855.9
1956,9,Walt Disney,25517.7,-3730.0
1956,10,General Dynamics,41552.7,-1729.5
1956,11,Walt Disney,8498.3,9022.7
1956,12,Amoco,4224.6,8639.8
1956,13,Goldman Sachs,29334.2,2706.5
1956,14,Ford Motor,44996.8,-2430.2
1956,15,MetLife,48704.9,918.4
1956,16,Eastman Kodak,48822.2,-4380.3
1956,17,Berkshire Hathaway,39228.1,13376.4
1956,18,Johnson & Johnson,13706.9,16804.2
1956,19,Bristol-Myers Squibb,11510.5,2629.8
1956,20,Apple,11534.7,1965.1
1956,21,Texaco,48361.0,4992.0
1956,22,Berkshire Hathaway,46992.2,-535.8
1956,23,Walt Disney,2393.7,14660.7
1956,24,Lockheed Martin,30507.3,9414.7
1956,25,Pfizer,2697.1,15162.8
1956,26,Dow Chemical,18529.0,3255.0
1956,27,Amazon,33337.7,7678.1
1956,28,MetLife,16646.1,-204.0
1956,29,Morgan Stanley,34027.2,2523.7
1956,30,General Motors,15541.8,10166.5
1956,31,Google,23516.9,6829.7
1956,32,Xerox,33113.1,10481.5
1956,33,DuPont,41012.0,616.0
1956,34,Dow Chemical,7794.0,10281.8
1956,35,Chevron,23043.1,12958.6
1956,36,American Express,24971.7,-4861.4
1956,37,Gulf Oil,39031.8,12397.8
1956,38,Merck,2985.8,6411.5
1956,39,Merck,33545.1,18751.0
1956,40,Northrop Grumman,30826.3,15764.2
1956,41,Raytheon,44911.8,1479.8
1956,42,Johnson & Johnson,42073.2,7114.9
1956,43,Walmart,14092.6,1792.9
1956,44,Amazon,44704.8,4575.9
1956,45,United Technologies,35467.7,8565.3
1956,46,Prudential Financial,3582.2,14244.9
1956,47,U.S. Steel,42908.2,-4852.6
1956,48,JPMorgan Chase,15281.3,15893.2
1956,49,Microsoft,24667.4,4721.4
1956,50,AIG,36347.0,19518.0
1957,1,General Electric,45393.0,-2901.3
1957,2,General Dynamics,7217.1,4477.6
1957,3,Intel,23007.6,1956.4
1957,4,Prudential Financial,12987.4,8485.5
1957,5,Citigroup,11599.0,-3993.5
1957,6,General Electric,47505.8,-1190.4
1957,7,Procter & Gamble,23941.3,6625.8
1957,8,Pfizer,38461.5,13698.1
1957,9,Amoco,39000.7,9467.1
1957,10,Oracle,29001.9,18536.8
1957,11,Dow Chemical,4261.8,-2452.5
1957,12,Cisco Systems,42589.5,19596.1
1957,13,Ford Motor,17686.6,7649.0
1957,14,Bank of America,1126.3,5838.1
1957,15,Wells Fargo,31961.5,5887.2
1957,16,Kindred Healthcare,48290.9,8454.3
1957,17,Abbott Laboratories,23511.3,3057.6
1957,18,Johnson & Johnson,41621.2,1096.6
1957,19,Merck,28707.6,7357.7
1957,20,Google,9501.1,3508.5
1957,21,Nike,28011.7,1033.9
1957,22,MetLife,24684.6,11147.6
1957,23,Eli Lilly,22684.6,N.A.
1957,24,Dell,11469.0,9538.9
1957,25,Bristol-Myers Squibb,27896.9,8759.7
1957,26,JPMorgan Chase,35291.3,-1983.6
1957,27,Goodyear,16119.6,12254.1
1957,28,Goodyear,11211.0,19415.2
1957,29,Cincinnati Financial,30041.1,2406.2
1957,30,Wells Fargo,9382.4,N.A.
1957,31,Procter & Gamble,14078.4,12435.4
1957,32,Procter & Gamble,32074.5,-4693.4
1957,33,Hewlett-Packard,23735.1,-3715.6
1957,34,Abbott Laboratories,6147.3,9425.5
1957,35,IBM,8010.5,-2870.5
1957,36,Johnson & Johnson,6363.4,14768.5
1957,37,Microsoft,38896.8,2433.8
1957,38,General Dynamics,15616.3,13502.2
1957,39,Motorola,31463.0,996.6
1957,40,Chevron,8248.4,6747.8
1957,41,Esmark,11958.1,6350.8
1957,42,Apple,46233.6,11529.6
1957,43,Dow Chemical,21544.4,17710.3
1957,44,PepsiCo,4034.8,13723.9
1957,45,Hewlett-Packard,22238.1,5062.7
1957,46,McDonald's,25273.4,-4003.5
1957,47,Lockheed Martin,36859.4,723.1
1957,48,U.S. Steel,49978.8,-3994.2
1957,49,Boeing,23789.8,-462.8
1957,50,Lockheed Martin,31921.8,3699.0
1958,1,Berkshire Hathaway,16392.4,5291.1
1958,2,Wm. Wrigley Jr.,14766.8,8752.4
1958,3,UnitedHealth Group,4859.0,14313.7
1958,4,Wendy's International,41333.9,N.A.
1958,5,Merck,20955.8,13911.1
1958,6,Northrop Grumman,38119.5,18191.8
1958,7,Northrop Grumman,44101.9,10750.6
1958,8,Walmart,35634.2,5199.8
1958,9,Microsoft,49616.7,-2063.3
1958,10,United Technologies,25169.6,1835.6
1958,11,Abbott Laboratories,49022.1,4589.7
1958,12,Wendy's International,37441.5,14316.9
1958,13,Prudential Financial,17323.8,-4935.9
1958,14,Cisco Systems,41955.1,16631.5
1958,15,Raytheon,27159.7,8585.8
1958,16,UnitedHealth Group,46676.2,970.1
1958,17,American Express,12061.3,13617.6
1958,18,Morgan Stanley,19610.9,19520.5
1958,19,Wm. Wrigley Jr.,48258.8,3299.9
1958,20,Chrysler,43772.4,6423.2
1958,21,PepsiCo,20793.9,6737.3
1958,22,Walt Disney,17258.8,16294.1
1958,23,Morgan Stanley,47729.9,7198.7
1958,24,Esmark,31064.2,2184.5
1958,25,Apple,37464.9,10843.7
1958,26,Chrysler,22462.1,-3850.2
1958,27,Mobil,15021.7,8279.2
1958,28,Caterpillar,8914.2,10492.8
1958,29,Walmart,25134.5,10947.6
1958,30,UnitedHealth Group,13138.7,N.A.
1958,31,Merck,45109.9,6043.2
1958,32,Citigroup,49388.8,12257.8
1958,33,UnitedHealth Group,42342.5,7080.2
1958,34,Walmart,19377.5,12482.0
1958,35,U.S. Steel,48908.3,9148.2
1958,36,IBM,45575.5,17573.4
1958,37,Apple,30549.7,10522.3
1958,38,Coca-Cola,31598.3,2723.3
1958,39,Northrop Grumman,2151.5,17740.7
1958,40,Google,37500.3,8485.2
1958,41,Wells Fargo,26777.2,1424.3
1958,42,Abbott Laboratories,48385.5,15105.8
1958,43,Merck,48163.2,16503.5
1958,44,Merrill Lynch,48379.9,14767.0
1958,45,Exxon Mobil,13590.7,13725.3
1958,46,Walt Disney,29435.7,-2291.3
1958,47,Apple,23838.1,3200.2
1958,48,Microsoft,32558.8,12526.9
1958,49,MetLife,6275.5,19898.2
1958,50,Amoco,5311.0,6341.1
1959,1,Prudential Financial,29573.3,11373.0
1959,2,Eli Lilly,30974.8,12257.0
1959,3,Intel,22447.5,-2516.1
1959,4,Goldman Sachs,27451.1,4953.5
1959,5,Goodyear,48426.2,-2708.2
1959,6,Intel,32264.4,14669.9
1959,7,Johnson & Johnson,49446.6,15745.4
1959,8,Motorola,29526.0,14359.2
1959,9,General Motors,14225.1,8505.4
1959,10,Boeing,5941.4,3956.1
1959,11,Walmart,29648.2,N.A.
1959,12,Walt Disney,3093.8,13641.6
1959,13,Bristol-Myers Squibb,22689.6,6300.1
1959,14,Microsoft,47298.1,16674.5
1959,15,Kindred Healthcare,15430.7,19964.7
1959,16,AIG,21600.5,6089.1
1959,17,AT&T,16444.5,10607.9
1959,18,Google,19354.8,7638.8
1959,19,Lockheed Martin,5409.3,11272.9
1959,20,Intel,21788.5,15685.5
1959,21,AIG,21091.5,11627.7
1959,22,Goldman Sachs,47702.8,-2719.4
1959,23,AT&T,5114.9,15294.2
1959,24,Mobil,29530.0,-1944.2
1959,25,JPMorgan Chase,43743.6,17896.1
1959,26,IBM,48435.7,9448.0
1959,27,Intel,8159.1,3752.8
1959,28,Goldman Sachs,6186.8,5727.8
1959,29,General Electric,30645.2,-4276.2
1959,30,McDonald's,35283.6,-4847.4
1959,31,PepsiCo,28532.9,10829.3
1959,32,General Electric,5042.0,6341.1
1959,33,Eastman Kodak,18817.6,9189.8
1959,34,AT&T,44225.4,-3755.9
1959,35,AT&T,13969.1,6051.1
1959,36,McDonald's,11170.7,-2227.8
1959,37,Eli Lilly,26583.2,19611.1
1959,38,Mobil,880.5,-1569.1
1959,39,Pfizer,14827.6,5766.4
1959,40,Procter & Gamble,19320.3,15833.9
1959,41,JPMorgan Chase,4067.7,-4531.5
1959,42,Chevron,43174.4,12737.5
1959,43,Prudential Financial,14831.0,-703.2
1959,44,UnitedHealth Group,41685.3,16112.1
1959,45,Johnson & Johnson,22066.0,16763.1
1959,46,Bank of America,11467.8,10830.6
1959,47,Cincinnati Financial,25742.6,13184.5
1959,48,PepsiCo,12195.3,10060.0
1959,49,Chevron,9268.7,13861.1
1959,50,Raytheon,34216.1,19663.3
1960,1,Google,43280.2,-3292.8
1960,2,Northrop Grumman,31753.6,3798.6
1960,3,Chevron,15865.2,15792.4
1960,4,Chevron,32411.0,9852.0
1960,5,American Express,23404.2,17396.9
1960,6,Raytheon,45498.0,10125.1
1960,7,Peabody Energy,7967.6,17478.2
1960,8,Bank of America,49128.1,-4021.4
1960,9,Northrop Grumman,49553.8,4097.4
1960,10,Hewlett-Packard,19677.1,-3690.9
1960,11,Berkshire Hathaway,3762.6,2103.7
1960,12,United Technologies,17001.4,3745.5
1960,13,Merrill Lynch,6883.1,8973.1
1960,14,Berkshire Hathaway,40752.6,13469.4
1960,15,Cincinnati Financial,5125.9,-4544.2
1960,16,Oracle,9423.0,7156.8
1960,17,Microsoft,49998.8,14703.0
1960,18,Peabody Energy,38658.3,-4056.3
1960,19,Bank of America,43881.4,-1143.7
1960,20,Caterpillar,41651.6,-861.5
1960,21,Northrop Grumman,2662.8,19239.7
1960,22,Hewlett-Packard,37743.4,979.2
1960,23,Bristol-Myers Squibb,45246.7,9260.5
1960,24,Northrop Grumman,23353.2,8186.5
1960,25,Eastman Kodak,40936.1,1250.1
1960,26,Abbott Laboratories,43768.8,16147.3
1960,27,Shell Oil,14610.6,17632.7
1960,28,PepsiCo,41636.8,15417.6
1960,29,Citigroup,46558.4,4349.0
1960,30,American Express,49729.0,18270.6
1960,31,Berkshire Hathaway,39673.3,15744.0
1960,32,Coca-Cola,38062.6,17646.4
1960,33,U.S. Steel,13168.2,13180.9
1960,34,Cincinnati Financial,21451.1,-1953.8
1960,35,Walmart,21281.4,-2228.6
1960,36,Wm. Wrigley Jr.,30038.6,N.A.
1960,37,Wendy's International,28964.8,-4960.9
1960,38,JPMorgan Chase,12407.9,-2859.7
1960,39,Wells Fargo,3850.1,19708.3
1960,40,U.S. Steel,19827.5,19526.0
1960,41,Pfizer,37492.2,1028.1
1960,42,Gulf Oil,38689.3,-3891.6
1960,43,Bank of America,40768.7,6615.6
1960,44,Abbott Laboratories,31770.9,14404.8
1960,45,UnitedHealth Group,2330.7,17144.8
1960,46,Amazon,46701.9,8575.8
1960,47,Pfizer,2312.7,16553.5
1960,48,IBM,43357.0,4200.5
1960,49,AIG,37293.7,19343.1
1960,50,Wm. Wrigley Jr.,34757.4,1668.0
1961,1,AT&T,36490.5,15558.5
1961,2,Dell,16400.0,2662.4
1961,3,General Dynamics,8748.9,13170.4
1961,4,JPMorgan Chase,30935.1,14786.9
1961,5,Mobil,4214.5,15027.4
1961,6,Eastman Kodak,47663.1,14532.8
1961,7,Esmark,6748.4,4053.8
1961,8,Esmark,30452.2,4300.3
1961,9,Chevron,28909.1,11239.0
1961,10,Johnson & Johnson,48045.7,7943.6
1961,11,Shell Oil,13457.9,19909.1
1961,12,Hewlett-Packard,34852.0,-1606.8
1961,13,Chevron,22876.1,-2805.2
1961,14,Amazon,33558.1,2259.1
1961,15,Cisco Systems,42642.4,10942.5
1961,16,Wells Fargo,25683.4,-1528.1
1961,17,Wm. Wrigley Jr.,1801.1,15091.5
1961,18,Procter & Gamble,30791.4,19989.9
1961,19,Abbott Laboratories,26521.9,-3156.2
1961,20,Amazon,32295.8,3612.9
1961,21,Caterpillar,38505.2,16705.3
1961,22,Shell Oil,26146.1,18368.4
1961,23,Microsoft,17628.1,16148.3
1961,24,Pfizer,10216.9,10625.6
1961,25,DuPont,25377.4,-1145.1
1961,26,Bank of America,42205.2,-4290.7
1961,27,Ford Motor,47453.1,270.2
1961,28,Prudential Financial,31096.4,8639.4
1961,29,Cisco Systems,24405.8,2435.8
1961,30,Chevron,34586.4,6611.1
1961,31,Bank of America,30529.7,13355.0
1961,32,Citigroup,48781.0,9041.3
1961,33,Amazon,12466.0,-1478.1
1961,34,IBM,14865.5,1206.8
1961,35,Eastman Kodak,40767.2,-254.1
1961,36,Eastman Kodak,25164.1,2713.5
1961,37,U.S. Steel,4957.4,1018.2
1961,38,JPMorgan Chase,2908.6,16071.2
1961,39,Bristol-Myers Squibb,14644.5,N.A.
1961,40,Gulf Oil,21830.9,14096.4
1961,41,Wells Fargo,2739.5,4063.1
1961,42,Hewlett-Packard,4139.8,1993.0
1961,43,Shell Oil,6868.8,19669.7
1961,44,Wells Fargo,37870.8,7501.9
1961,45,Ford Motor,2426.2,7983.3
1961,46,United Technologies,30509.9,10326.7
1961,47,Eastman Kodak,19951.3,9843.1
1961,48,Peabody Energy,41500.3,2494.8
1961,49,U.S. Steel,18733.7,9592.6
1961,50,General Electric,30047.0,19301.4
1962,1,Apple,36209.3,10725.6
1962,2,Morgan Stanley,7814.9,18705.1
1962,3,Amoco,9943.8,5324.0
1962,4,Motorola,20813.7,16820.4
1962,5,Mobil,35435.9,19953.1
1962,6,Abbott Laboratories,26511.1,17803.1
1962,7,Bank of America,27540.5,12018.6
1962,8,Walt Disney,30698.8,8952.2
1962,9,Microsoft,47103.5,12622.5
1962,10,Eli Lilly,16193.5,14885.1
1962,11,Nike,14745.6,17394.0
1962,12,Merrill Lynch,41009.7,2261.3
1962,13,Hewlett-Packard,47788.0,11399.3
1962,14,Abbott Laboratories,11092.3,9050.5
1962,15,McDonald's,7295.0,1061.5
1962,16,Cincinnati Financial,11670.7,3257.3
1962,17,Bristol-Myers Squibb,5477.0,-
1962,18,Eastman Kodak,20641.9,6936.2
1962,19,Dow Chemical,37917.6,-3520.9
1962,20,DuPont,32788.8,16258.3
1962,21,Esmark,45704.9,-605.3
1962,22,Esmark,49860.0,18415.2
1962,23,Dell,43898.8,N.A.
1962,24,Gulf Oil,46458.5,11032.8
1962,25,Cincinnati Financial,24948.7,6700.5
1962,26,Goodyear,40536.3,11207.1
1962,27,Caterpillar,1197.2,11860.0
1962,28,Goodyear,9187.0,15674.7
1962,29,Wendy's International,16732.4,19542.1
1962,30,Abbott Laboratories,16518.3,888.0
1962,31,McDonald's,47724.7,-4714.1
1962,32,Wells Fargo,34792.0,2670.2
1962,33,AIG,34460.6,14246.0
1962,34,Shell Oil,32116.2,521.2
1962,35,Coca-Cola,24170.0,4340.6
1962,36,Bristol-Myers Squibb,37988.9,14046.5
1962,37,AT&T,26512.6,17931.1
1962,38,Amoco,3557.0,9317.5
1962,39,United Technologies,8644.6,12007.4
1962,40,Eli Lilly,5001.6,6335.8
1962,41,Wendy's International,21063.5,11819.2
1962,42,Oracle,36302.4,13645.1
1962,43,Chevron,2741.8,19853.1
1962,44,Texaco,49313.8,-500.5
1962,45,Coca-Cola,38408.5,5509.0
1962,46,Morgan Stanley,22702.6,-2993.8
1962,47,Coca-Cola,32849.9,8431.5
1962,48,Cincinnati Financial,6803.7,13904.5
1962,49,Cisco Systems,23418.7,4481.9
1962,50,Apple,12751.8,18435.3
1963,1,Amoco,2094.8,18405.9
1963,2,U.S. Steel,12413.0,6161.0
1963,3,IBM,12614.3,8494.0
1963,4,Mobil,7436.7,17909.9
1963,5,Amazon,29085.0,922.6
1963,6,PepsiCo,49291.9,1878.8
1963,7,Boeing,31486.7,19307.3
1963,8,Morgan Stanley,39397.3,-1269.6
1963,9,Morgan Stanley,9602.0,633.6
1963,10,PepsiCo,40385.9,19194.7
1963,11,Cincinnati Financial,7137.6,11167.6
1963,12,Raytheon,42433.1,-238.0
1963,13,McDonald's,19169.8,-3180.4
1963,14,Intel,24230.0,18925.5
1963,15,Exxon Mobil,10984.5,13672.0
1963,16,Abbott Laboratories,45764.8,4915.8
1963,17,Walmart,27827.9,8341.3
1963,18,JPMorgan Chase,15766.9,6650.1
1963,19,Bristol-Myers Squibb,38200.6,2823.1
1963,20,Ford Motor,28345.0,1519.4
1963,21,Prudential Financial,15112.0,9244.7
1963,22,Johnson & Johnson,25215.4,1433.2
1963,23,Eli Lilly,48342.2,-794.2
1963,24,JPMorgan Chase,8878.7,17922.5
1963,25,Mobil,26435.2,15449.9
1963,26,IBM,38334.8,785.8
1963,27,United Technologies,952.5,10445.9
1963,28,Abbott Laboratories,33134.6,N.A.
1963,29,MetLife,1086.6,19437.0
1963,30,U.S. Steel,25359.7,18492.8
1963,31,Boeing,5797.3,-201.7
1963,32,Cincinnati Financial,12994.7,-3024.5
1963,33,AIG,23220.4,2499.4
1963,34,AT&T,32859.9,-2662.5
1963,35,Morgan Stanley,19169.9,12571.1
1963,36,AT&T,25243.0,9146.4
1963,37,Chrysler,44792.2,17531.8
1963,38,Bristol-Myers Squibb,13919.2,2009.3
1963,39,Esmark,9378.0,179.0
1963,40,PepsiCo,37736.6,-3076.6
1963,41,Eastman Kodak,28415.9,11925.9
1963,42,Berkshire Hathaway,19500.4,12232.8
1963,43,AT&T,25289.2,5927.2
1963,44,Chevron,17359.3,4917.6
1963,45,Google,1966.5,7265.1
1963,46,JPMorgan Chase,27875.4,9646.9
1963,47,Morgan Stanley,4741.9,12827.7
1963,48,AT&T,13764.6,-1143.1
1963,49,American Express,16175.6,-
1963,50,Oracle,22514.4,-2817.6
1964,1,Lockheed Martin,22717.8,-4343.5
1964,2,JPMorgan Chase,27933.9,16593.0
1964,3,Exxon Mobil,14946.4,17528.4
1964,4,Johnson & Johnson,28812.0,-1529.0
1964,5,Cisco Systems,13786.1,1899.0
1964,6,Cisco Systems,24469.5,1164.8
1964,7,Wm. Wrigley Jr.,29893.4,2616.4
1964,8,Merrill Lynch,16944.8,3238.5
1964,9,Berkshire Hathaway,21815.5,9859.8
1964,10,Cisco Systems,16372.9,2854.6
1964,11,Merrill Lynch,48451.9,7275.2
1964,12,Johnson & Johnson,16631.4,4125.4
1964,13,Dow Chemical,29815.2,8752.5
1964,14,Merck,47177.3,15782.0
1964,15,Texaco,41038.8,7482.6
1964,16,Cisco Systems,12480.0,14726.9
1964,17,Chevron,22728.8,8359.2
1964,18,Prudential Financial,27410.4,17387.5
1964,19,AT&T,5913.8,-841.5
1964,20,Ford Motor,28379.4,19170.3
1964,21,Berkshire Hathaway,48303.0,1468.5
1964,22,Wendy's International,37469.2,525.8
1964,23,Goldman Sachs,19861.1,7511.6
1964,24,Citigroup,49886.3,18013.7
1964,25,AT&T,6245.4,2797.3
1964,26,UnitedHealth Group,39321.4,-2559.4
1964,27,Raytheon,16286.0,-2122.9
1964,28,Bank of America,32574.5,19597.5
1964,29,Johnson & Johnson,26041.7,5659.2
1964,30,Merck,11976.8,11012.0
1964,31,Lockheed Martin,20081.3,6239.4
1964,32,General Dynamics,19747.4,13808.1
1964,33,Texaco,29078.7,4144.8
1964,34,Dow Chemical,23148.7,8192.9
1964,35,Amazon,30050.1,3698.1
1964,36,UnitedHealth Group,31059.5,2436.1
1964,37,AT&T,33769.4,-2076.3
1964,38,Goldman Sachs,34825.1,-1553.3
1964,39,American Express,21440.4,17979.0
1964,40,Boeing,27968.2,2864.5
1964,41,Raytheon,31160.8,7115.2
1964,42,Goodyear,40853.2,7374.2
1964,43,Eli Lilly,21073.7,-2933.2
1964,44,General Electric,39896.1,621.1
1964,45,Hewlett-Packard,8826.3,14148.0
1964,46,Wendy's International,6103.9,15582.1
1964,47,Wells Fargo,27331.1,6034.2
1964,48,Intel,49493.9,13783.6
1964,49,Cisco Systems,43803.1,16555.0
1964,50,DuPont,22234.0,923.7
1965,1,Citigroup,43121.9,10403.8
1965,2,Motorola,40769.7,8307.0
1965,3,Xerox,16520.9,1683.6
1965,4,Wendy's International,49281.7,19069.3
1965,5,MetLife,45979.1,-1827.8
1965,6,Procter & Gamble,12859.0,14036.8
1965,7,Merrill Lynch,24728.2,5355.6
1965,8,Raytheon,4238.1,5071.3
1965,9,Nike,34887.8,7201.1
1965,10,General Motors,43510.9,19303.8
1965,11,JPMorgan Chase,42580.3,19203.2
1965,12,Intel,24988.4,8682.8
1965,13,Procter & Gamble,28524.0,12063.8
1965,14,IBM,2774.2,-4593.0
1965,15,Eastman Kodak,22343.7,N.A.
1965,16,General Dynamics,10514.8,11249.9
1965,17,Eastman Kodak,43784.0,4010.9
1965,18,AT&T,18906.3,4908.5
1965,19,Oracle,36436.4,-2720.0
1965,20,Chrysler,553.8,654.8
1965,21,Northrop Grumman,959.7,19703.9
1965,22,General Dynamics,34854.5,-2766.7
1965,23,Gulf Oil,5608.5,4568.0
1965,24,Coca-Cola,32258.0,9082.3
1965,25,Xerox,22284.9,-1215.6
1965,26,MetLife,30995.8,17414.8
1965,27,Coca-Cola,37746.1,19081.2
1965,28,Amazon,39658.3,1204.2
1965,29,Hewlett-Packard,39059.0,11460.1
1965,30,Cisco Systems,10669.6,4793.8
1965,31,IBM,39298.2,4647.1
1965,32,Walmart,25229.3,19442.4
1965,33,Wells Fargo,46729.3,9209.5
1965,34,Wells Fargo,27544.6,19684.2
1965,35,Chevron,1326.1,-4004.3
1965,36,Mobil,47459.7,12815.7
1965,37,Prudential Financial,21467.0,8441.4
1965,38,United Technologies,14234.7,79.9
1965,39,United Technologies,27051.3,15863.2
1965,40,Texaco,15853.4,965.9
1965,41,Johnson & Johnson,4767.5,10220.8
1965,42,Oracle,33470.9,-4683.4
1965,43,Coca-Cola,35224.2,8075.1
1965,44,Walt Disney,8764.7,1719.1
1965,45,Shell Oil,38685.8,1799.5
1965,46,Texaco,13516.0,7403.7
1965,47,Wendy's International,18326.1,4192.2
1965,48,Pfizer,38779.8,-2116.7
1965,49,Wendy's International,627.1,-3850.5
1965,50,Wells Fargo,19457.5,16437.1
1966,1,Prudential Financial,11613.5,2998.4
1966,2,Chevron,28791.0,-3683.2
1966,3,Microsoft,40314.7,-3276.8
1966,4,Merck,43368.6,-2840.4
1966,5,UnitedHealth Group,894.5,2597.7
1966,6,Johnson & Johnson,23464.4,14315.3
1966,7,Dow Chemical,36756.9,-1235.8
1966,8,MetLife,1683.6,12336.5
1966,9,Exxon Mobil,47574.0,N.A.
1966,10,Morgan Stanley,42525.8,8245.4
1966,11,Walmart,21280.9,-1440.7
1966,12,Nike,5104.8,7994.0
1966,13,Goldman Sachs,23193.7,7635.7
1966,14,Merrill Lynch,4204.1,19105.5
1966,15,Walmart,14938.0,4823.8
1966,16,Google,16243.9,67.8
1966,17,Gulf Oil,8192.8,5162.8
1966,18,JPMorgan Chase,48249.4,1625.2
1966,19,Shell Oil,4975.8,12617.6
1966,20,Ford Motor,11143.5,12778.9
1966,21,JPMorgan Chase,20114.1,15502.2
1966,22,Boeing,2038.6,13702.0
1966,23,Johnson & Johnson,5188.9,-1963.7
1966,24,Mobil,41603.4,15591.8
1966,25,Goldman Sachs,34471.1,9653.0
1966,26,Chevron,1579.1,6085.8
1966,27,Procter & Gamble,5052.9,-1936.8
1966,28,Merck,3006.6,13110.8
1966,29,Wm. Wrigley Jr.,1959.4,367.9
1966,30,Caterpillar,14111.6,10352.7
1966,31,Johnson & Johnson,32540.3,6975.8
1966,32,DuPont,14348.9,17116.3
1966,33,Cincinnati Financial,12832.8,-4511.8
1966,34,Morgan Stanley,39204.8,7117.0
1966,35,Peabody Energy,16419.4,9927.9
1966,36,General Electric,44840.4,19788.3
1966,37,Cincinnati Financial,18192.9,-1009.4
1966,38,Johnson & Johnson,33014.8,17931.5
1966,39,Mobil,38320.5,19566.6
1966,40,American Express,18062.8,-597.5
1966,41,Amazon,40407.4,-4294.8
1966,42,JPMorgan Chase,47404.2,-294.2
1966,43,Wm. Wrigley Jr.,27335.2,-3595.8
1966,44,Microsoft,1486.4,10353.4
1966,45,Procter & Gamble,17367.6,16705.4
1966,46,Mobil,1584.7,14359.2
1966,47,Cincinnati Financial,43103.1,18548.1
1966,48,Merrill Lynch,29507.8,19396.5
1966,49,Lockheed Martin,39696.2,-644.9
1966,50,JPMorgan Chase,11550.2,2670.6
1967,1,Dell,6803.7,18717.5
1967,2,Merrill Lynch,42612.5,-448.0
1967,3,Amazon,46091.4,9138.8
1967,4,Wm. Wrigley Jr.,7461.8,19559.5
1967,5,Xerox,31991.2,11750.6
1967,6,Berkshire Hathaway,22608.2,-3305.1
1967,7,Pfizer,39457.5,5955.5
1967,8,Prudential Financial,48470.5,4467.8
1967,9,Morgan Stanley,5520.7,11274.2
1967,10,Microsoft,8551.5,2372.7
1967,11,Amazon,13425.8,17198.3
1967,12,Eastman Kodak,36733.3,-2672.4
1967,13,Abbott Laboratories,35373.0,10182.9
1967,14,Lockheed Martin,8276.6,-250.4
1967,15,Walt Disney,33199.6,4822.6
1967,16,Eli Lilly,8102.7,2363.7
1967,17,Abbott Laboratories,10383.9,2295.3
1967,18,AT&T,23941.7,6773.6
1967,19,Walt Disney,5011.3,17137.3
1967,20,Goldman Sachs,9735.9,1585.0
1967,21,McDonald's,28430.2,-2582.4
1967,22,Citigroup,40504.9,687.8
1967,23,Mobil,42119.5,8387.9
1967,24,Bristol-Myers Squibb,28849.4,4870.1
1967,25,Esmark,25354.0,11938.4
1967,26,PepsiCo,6454.0,19609.2
1967,27,Intel,40518.8,19707.0
1967,28,Lockheed Martin,10495.0,9876.2
1967,29,Amazon,45584.8,4702.5
1967,30,Merrill Lynch,27826.7,17929.0
1967,31,Exxon Mobil,39434.3,5489.8
1967,32,Prudential Financial,7907.3,19120.8
1967,33,Chrysler,46283.9,2152.3
1967,34,Citigroup,43955.7,9300.6
1967,35,Bristol-Myers Squibb,2354.6,10216.4
1967,36,AIG,2419.7,939.5
1967,37,Bristol-Myers Squibb,46081.3,15434.6
1967,38,Cisco Systems,15892.0,12121.3
1967,39,Apple,7152.1,15645.6
1967,40,McDonald's,36575.6,6042.9
1967,41,MetLife,37176.8,15525.4
1967,42,Wendy's International,39678.8,5084.6
1967,43,Cincinnati Financial,44027.0,15823.2
1967,44,Mobil,12849.8,12615.8
1967,45,Nike,18733.4,18076.8
1967,46,General Electric,12475.9,19013.0
1967,47,Bristol-Myers Squibb,29550.6,17362.3
1967,48,DuPont,14610.9,9306.5
1967,49,Intel,42927.0,1727.1
1967,50,MetLife,25907.4,12055.0
1968,1,Bristol-Myers Squibb,45620.0,-4788.4
1968,2,Pfizer,30613.0,12734.2
1968,3,Nike,21478.4,1300.0
1968,4,Merck,15456.2,9612.2
1968,5,General Motors,25819.9,4355.7
1968,6,Hewlett-Packard,15274.6,19709.0
1968,7,Google,43143.8,17309.3
1968,8,Cisco Systems,9823.8,-3580.6
1968,9,AIG,33196.3,11385.0
1968,10,Dell,13341.6,-4117.0
1968,11,Goodyear,17486.8,10957.8
1968,12,Bristol-Myers Squibb,45373.1,16135.5
1968,13,Caterpillar,15042.3,13129.7
1968,14,Caterpillar,47372.7,556.3
1968,15,Microsoft,37338.4,3282.9
1968,16,Walt Disney,29485.7,-3658.1
1968,17,Chevron,23874.9,12017.4
1968,18,Cincinnati Financial,15268.6,-1565.9
1968,19,Dow Chemical,17462.2,19666.2
1968,20,PepsiCo,16161.0,7189.5
1968,21,Boeing,16014.0,234.6
1968,22,Xerox,29025.8,14493.8
1968,23,Procter & Gamble,30916.7,19133.2
1968,24,American Express,731.1,18751.7
1968,25,Google,37964.0,-4896.9
1968,26,Johnson & Johnson,11700.2,-2432.3
1968,27,Peabody Energy,29639.2,2455.1
1968,28,Dell,23068.4,5841.6
1968,29,Coca-Cola,17465.3,-289.3
1968,30,AIG,1446.7,279.8
1968,31,U.S. Steel,29689.8,11263.5
1968,32,Esmark,19072.0,10578.4
1968,33,IBM,33267.5,12243.7
1968,34,Prudential Financial,22493.6,12546.7
1968,35,Motorola,34912.0,11541.6
1968,36,Kindred Healthcare,13863.9,15766.3
1968,37,Gulf Oil,25823.4,14619.0
1968,38,Wm. Wrigley Jr.,10333.0,8078.7
1968,39,Dow Chemical,18217.1,8703.5
1968,40,Motorola,34566.1,-4681.3
1968,41,DuPont,45390.6,-1271.4
1968,42,DuPont,39086.5,17619.5
1968,43,Apple,23109.2,-3748.0
1968,44,Boeing,43770.0,11919.2
1968,45,General Dynamics,37057.7,-3852.8
1968,46,Coca-Cola,33336.1,5942.9
1968,47,McDonald's,43984.5,-428.3
1968,48,AIG,20312.4,12247.6
1968,49,Abbott Laboratories,40095.0,-2173.6
1968,50,Mobil,49087.7,17780.7
1969,1,Abbott Laboratories,40212.1,4493.8
1969,2,JPMorgan Chase,30762.2,13182.0
1969,3,Procter & Gamble,24412.4,6017.2
1969,4,Texaco,13449.8,11948.2
1969,5,Microsoft,48905.8,8077.6
1969,6,Chrysler,21926.0,11592.8
1969,7,American Express,7858.4,10322.9
1969,8,Exxon Mobil,32348.2,16296.8
1969,9,Xerox,4205.8,19253.6
1969,10,IBM,25593.0,15427.6
1969,11,AT&T,23225.2,16414.7
1969,12,Raytheon,16145.0,-4555.8
1969,13,AIG,20910.8,-
1969,14,DuPont,39693.3,17252.8
1969,15,Motorola,32902.5,15632.8
1969,16,Microsoft,42293.7,9998.8
1969,17,Wells Fargo,35937.7,543.7
1969,18,Bank of America,18079.4,8692.3
1969,19,Goldman Sachs,35253.8,-1488.8
1969,20,MetLife,5794.6,18255.4
1969,21,Merrill Lynch,11171.7,3448.3
1969,22,Prudential Financial,2801.8,-1919.5
1969,23,Raytheon,23140.7,19096.4
1969,24,General Motors,26753.0,15970.4
1969,25,Abbott Laboratories,46256.4,12295.4
1969,26,Boeing,36659.5,10013.7
1969,27,Google,25453.5,17897.8
1969,28,Johnson & Johnson,14043.0,6321.1
1969,29,Coca-Cola,7339.9,7807.4
1969,30,Amazon,35737.8,22.2
1969,31,Dell,34487.3,12759.9
1969,32,Boeing,25442.7,-2114.9
1969,33,JPMorgan Chase,28332.9,12753.1
1969,34,Hewlett-Packard,43935.1,-2338.2
1969,35,Morgan Stanley,7693.7,13754.6
1969,36,Eastman Kodak,49184.9,-3449.2
1969,37,Dell,10598.0,6314.9
1969,38,Microsoft,37249.4,14607.7
1969,39,Hewlett-Packard,34800.3,5414.2
1969,40,Amazon,48308.7,77.2
1969,41,Northrop Grumman,41584.2,11190.8
1969,42,Dow Chemical,38919.3,-564.4
1969,43,Chevron,9755.3,4430.0
1969,44,General Dynamics,14316.1,16150.4
1969,45,General Motors,16862.9,-1157.4
1969,46,Google,30045.6,16078.5
1969,47,Cisco Systems,24782.3,14600.8
1969,48,Amazon,26507.1,14656.5
1969,49,Eastman Kodak,21088.6,530.0
1969,50,Intel,33335.1,18757.7
1970,1,Cincinnati Financial,24005.4,11232.5
1970,2,Amoco,33612.5,10342.5
1970,3,Johnson & Johnson,47965.4,17898.3
1970,4,Amoco,19600.9,17783.4
1970,5,Goldman Sachs,25958.3,2410.8
1970,6,Goodyear,16355.5,19290.7
1970,7,General Motors,31533.2,329.4
1970,8,General Dynamics,41865.4,16965.9
1970,9,Lockheed Martin,32504.8,-1156.1
1970,10,UnitedHealth Group,35985.0,-550.2
1970,11,Pfizer,28125.2,1466.2
1970,12,American Express,22830.7,4737.5
1970,13,Shell Oil,26974.3,13899.0
1970,14,Ford Motor,35193.7,-2346.6
1970,15,Cisco Systems,30525.0,4535.3
1970,16,General Electric,23962.4,4774.8
1970,17,Dell,48026.6,17854.2
1970,18,Goldman Sachs,47890.9,N.A.
1970,19,PepsiCo,6600.1,N.A.
1970,20,Merrill Lynch,27089.0,13707.4
1970,21,Citigroup,10981.0,-1438.6
1970,22,Caterpillar,11429.0,-466.1
1970,23,IBM,42643.7,6531.6
1970,24,Chevron,14887.3,13139.7
1970,25,Eli Lilly,47601.2,863.3
1970,26,Hewlett-Packard,31166.0,6266.1
1970,27,Oracle,34826.2,15192.5
1970,28,General Dynamics,8847.7,12805.0
1970,29,Lockheed Martin,14195.7,3289.1
1970,30,Abbott Laboratories,23411.0,8791.8
1970,31,Boeing,32454.8,15661.1
1970,32,Dow Chemical,13530.1,-3115.0
1970,33,U.S. Steel,42554.6,9472.5
1970,34,Intel,45362.0,19968.2
1970,35,Bristol-Myers Squibb,32868.5,17285.9
1970,36,Dell,7127.1,4096.6
1970,37,Exxon Mobil,33302.6,10350.9
1970,38,Xerox,37981.7,9158.9
1970,39,PepsiCo,36928.0,470.5
1970,40,Eli Lilly,11971.6,11714.6
1970,41,Kindred Healthcare,45432.4,6366.1
1970,42,Ford Motor,2475.3,19211.0
1970,43,Nike,41826.2,-653.8
1970,44,Morgan Stanley,18582.2,7916.6
1970,45,Morgan Stanley,48647.4,15430.9
1970,46,Citigroup,24599.6,7545.9
1970,47,Coca-Cola,22275.0,2020.2
1970,48,United Technologies,9751.8,-2041.7
1970,49,Apple,21023.4,11880.7
1970,50,Abbott Laboratories,10929.8,-4438.8
1971,1,Ford Motor,6830.3,7816.1
1971,2,PepsiCo,3267.6,18956.0
1971,3,U.S. Steel,43986.2,18681.3
1971,4,Intel,22735.6,-735.8
1971,5,MetLife,30241.5,-452.9
1971,6,Wendy's International,13593.8,6336.8
1971,7,Texaco,11875.8,58.7
1971,8,Peabody Energy,34376.2,-564.4
1971,9,Esmark,43948.8,-2670.3
1971,10,Procter & Gamble,45148.2,-
1971,11,Lockheed Martin,26341.2,8245.4
1971,12,Apple,46951.9,3762.9
1971,13,Chrysler,21561.7,17752.1
1971,14,AT&T,14521.7,-274.5
1971,15,General Motors,29110.4,-
1971,16,Motorola,34544.5,-1130.5
1971,17,Pfizer,13434.5,10297.0
1971,18,Merrill Lynch,37871.1,7061.7
1971,19,Goldman Sachs,28175.1,9441.3
1971,20,Merrill Lynch,36921.2,13695.4
1971,21,Raytheon,39263.9,7708.6
1971,22,Bank of America,40142.3,-3698.7
1971,23,American Express,48246.2,N.A.
1971,24,DuPont,41251.1,-2796.5
1971,25,Walt Disney,11477.6,4608.2
1971,26,AIG,30891.3,9936.8
1971,27,Boeing,32194.4,11422.1
1971,28,Kindred Healthcare,14657.3,7895.3
1971,29,Apple,30951.9,11375.5
1971,30,Eastman Kodak,4798.7,11741.6
1971,31,AIG,29511.0,-3284.6
1971,32,DuPont,27704.8,9573.3
1971,33,Citigroup,48182.7,-136.9
1971,34,AIG,28957.9,-2338.4
1971,35,Chevron,25406.9,7832.2
1971,36,Pfizer,43867.6,12354.8
1971,37,Morgan Stanley,28376.8,19031.0
1971,38,UnitedHealth Group,34238.9,7049.3
1971,39,Walt Disney,3843.9,11922.8
1971,40,Apple,40108.0,8391.3
1971,41,Walt Disney,12788.8,15526.9
1971,42,Chevron,27950.3,464.2
1971,43,McDonald's,9547.8,-245.8
1971,44,Dow Chemical,12125.6,730.2
1971,45,Johnson & Johnson,41898.6,-2003.0
1971,46,AT&T,33952.7,14106.1
1971,47,Ford Motor,42476.5,17453.0
1971,48,Nike,24794.9,2006.7
1971,49,Microsoft,37633.4,5579.4
1971,50,Esmark,25372.5,-630.0
1972,1,Shell Oil,35063.1,-4704.5
1972,2,Motorola,19281.7,16546.1
1972,3,Caterpillar,27653.9,10327.1
1972,4,Wells Fargo,9603.7,13804.9
1972,5,Wells Fargo,42789.1,-1721.5
1972,6,Apple,40802.4,8883.5
1972,7,Morgan Stanley,10205.1,6824.7
1972,8,Exxon Mobil,9242.1,16234.7
1972,9,Kindred Healthcare,26932.1,1274.4
1972,10,IBM,20220.9,15345.5
1972,11,Bristol-Myers Squibb,42029.1,1494.2
1972,12,Wells Fargo,28237.3,-4504.1
1972,13,Shell Oil,17879.0,9421.3
1972,14,Boeing,48979.0,7761.1
1972,15,Raytheon,44536.8,10792.8
1972,16,PepsiCo,43478.8,5545.4
1972,17,AIG,42520.6,705.4
1972,18,Amazon,32824.1,4886.4
1972,19,Northrop Grumman,39158.2,8023.4
1972,20,Raytheon,20992.5,13194.3
1972,21,Pfizer,47051.6,-827.2
1972,22,Gulf Oil,5229.9,-3654.4
1972,23,Merrill Lynch,26437.1,10452.6
1972,24,AT&T,32914.2,1184.9
1972,25,Hewlett-Packard,22436.4,-734.8
1972,26,Esmark,33345.7,6903.9
1972,27,McDonald's,27653.0,8482.2
1972,28,UnitedHealth Group,31736.9,8086.5
1972,29,Oracle,45491.7,-2761.1
1972,30,Oracle,18606.3,-4997.7
1972,31,Coca-Cola,17522.3,-
1972,32,Eli Lilly,47374.4,-
1972,33,Lockheed Martin,39999.3,8705.3
1972,34,Goodyear,20880.9,-918.3
1972,35,American Express,41507.1,10633.1
1972,36,Kindred Healthcare,38344.6,12116.0
1972,37,Hewlett-Packard,32598.6,-300.0
1972,38,Texaco,9529.2,10443.2
1972,39,McDonald's,35173.4,-1196.3
1972,40,U.S. Steel,9703.9,12879.9
1972,41,Exxon Mobil,12024.1,3547.8
1972,42,Oracle,39393.4,12423.4
1972,43,Esmark,16847.3,-3599.0
1972,44,Merrill Lynch,4033.5,16038.5
1972,45,Morgan Stanley,41498.5,1224.1
1972,46,Northrop Grumman,12734.5,13383.1
1972,47,Chrysler,26296.4,12036.1
1972,48,Oracle,46842.7,13618.1
1972,49,Kindred Healthcare,6546.0,4010.7
1972,50,IBM,43251.1,10822.7
1973,1,Google,1245.9,4895.2
1973,2,Johnson & Johnson,942.0,6881.8
1973,3,United Technologies,18884.2,-2715.0
1973,4,Bank of America,46577.0,-3505.6
1973,5,United Technologies,35215.7,816.9
1973,6,Citigroup,40373.5,12231.2
1973,7,JPMorgan Chase,36357.8,12665.6
1973,8,Dell,27365.3,8590.5
1973,9,Google,36753.9,17861.9
1973,10,Eastman Kodak,3909.4,1583.7
1973,11,Wells Fargo,22976.9,13341.4
1973,12,U.S. Steel,31176.9,3017.4
1973,13,Texaco,33085.3,8101.7
1973,14,Wm. Wrigley Jr.,38403.8,5245.1
1973,15,Google,5968.0,15879.8
1973,16,Procter & Gamble,9342.6,-209.6
1973,17,Esmark,28765.1,8145.5
1973,18,Pfizer,2929.7,-4672.8
1973,19,Motorola,32959.6,6701.5
1973,20,Mobil,18365.8,15550.7
1973,21,Mobil,41270.3,-3240.3
1973,22,Cisco Systems,4357.8,-2469.4
1973,23,Apple,26817.2,1219.1
1973,24,Boeing,28142.0,14157.1
1973,25,JPMorgan Chase,33887.4,-2397.4
1973,26,Caterpillar,27723.3,8347.5
1973,27,Northrop Grumman,46709.2,19921.3
1973,28,Goldman Sachs,20911.0,3086.3
1973,29,Walmart,28375.7,18153.7
1973,30,Pfizer,18320.4,-4995.1
1973,31,Esmark,49156.3,19835.3
1973,32,Cisco Systems,825.2,2872.6
1973,33,Nike,45996.0,9290.3
1973,34,Chrysler,2367.9,4177.1
1973,35,Johnson & Johnson,12033.2,4995.0
1973,36,Intel,36846.2,-677.4
1973,37,Chrysler,29963.9,9407.1
1973,38,AT&T,39116.0,16994.8
1973,39,Lockheed Martin,21117.8,667.9
1973,40,Exxon Mobil,31877.4,8109.6
1973,41,Amazon,27226.5,519.9
1973,42,IBM,33844.9,13821.0
1973,43,Peabody Energy,4959.1,-1299.7
1973,44,Bank of America,4586.0,4979.8
1973,45,AT&T,20227.1,14050.8
1973,46,Abbott Laboratories,28185.2,-97.5
1973,47,Cincinnati Financial,12689.2,3085.3
1973,48,DuPont,6070.2,-237.8
1973,49,Citigroup,29896.9,19691.3
1973,50,Northrop Grumman,31347.5,837.2
1974,1,Goldman Sachs,8221.6,13489.5
1974,2,Johnson & Johnson,47472.6,15503.3
1974,3,Exxon Mobil,17491.9,6779.8
1974,4,Berkshire Hathaway,10846.0,8081.6
1974,5,Walt Disney,27665.6,12376.8
1974,6,U.S. Steel,19142.0,1386.4
1974,7,Mobil,14558.7,-3672.9
1974,8,Exxon Mobil,3796.6,17821.7
1974,9,Wells Fargo,43282.0,N.A.
1974,10,American Express,11942.8,-2509.9
1974,11,Amazon,24490.8,-28.1
1974,12,UnitedHealth Group,28254.0,18056.8
1974,13,Oracle,17011.7,3669.5
1974,14,JPMorgan Chase,18091.2,19464.7
1974,15,Nike,40688.7,17260.1
1974,16,General Electric,47234.8,3544.7
1974,17,Merrill Lynch,33018.1,19015.1
1974,18,Apple,21158.0,2809.6
1974,19,Berkshire Hathaway,22733.9,9525.8
1974,20,Dow Chemical,43198.1,8095.1
1974,21,Coca-Cola,21788.2,11405.8
1974,22,Eastman Kodak,16216.1,-2040.3
1974,23,Amazon,42056.4,2967.2
1974,24,MetLife,48079.2,15542.5
1974,25,Nike,8021.9,-4345.0
1974,26,McDonald's,30477.4,772.8
1974,27,General Electric,18283.4,7558.1
1974,28,Bristol-Myers Squibb,35744.9,7286.1
1974,29,Coca-Cola,8607.4,19220.4
1974,30,McDonald's,47534.8,70.8
1974,31,Motorola,3773.7,16678.2
1974,32,Eli Lilly,34549.2,5688.9
1974,33,Ford Motor,30592.5,4853.8
1974,34,Cincinnati Financial,32249.0,-2267.1
1974,35,UnitedHealth Group,41437.0,7967.6
1974,36,Merrill Lynch,49199.6,14129.0
1974,37,IBM,9897.6,14341.9
1974,38,Hewlett-Packard,23336.7,-3636.3
1974,39,Kindred Healthcare,45231.9,-2739.0
1974,40,Peabody Energy,6102.0,12402.9
1974,41,Coca-Cola,19956.8,6342.0
1974,42,Dow Chemical,44186.1,11214.4
1974,43,Eastman Kodak,36059.5,6235.0
1974,44,Wells Fargo,4722.7,19379.8
1974,45,Eastman Kodak,19244.6,17806.3
1974,46,United Technologies,8525.1,-3717.2
1974,47,Oracle,15821.2,10661.3
1974,48,Shell Oil,44977.8,-
1974,49,Pfizer,1104.3,15186.4
1974,50,Wm. Wrigley Jr.,12275.0,5253.8
1975,1,AT&T,30260.2,N.A.
1975,2,Nike,31178.4,-3777.0
1975,3,PepsiCo,3225.7,-4189.2
1975,4,Cisco Systems,16890.0,19843.4
1975,5,Eastman Kodak,33768.5,9874.2
1975,6,Boeing,48331.5,-4104.0
1975,7,Cisco Systems,16479.7,13961.0
1975,8,Texaco,14995.2,1860.5
1975,9,Cincinnati Financial,20981.0,-3545.4
1975,10,Cincinnati Financial,49365.9,18347.3
1975,11,Hewlett-Packard,21639.2,9378.6
1975,12,JPMorgan Chase,46391.7,13229.6
1975,13,Wm. Wrigley Jr.,24879.0,12714.7
1975,14,Goodyear,578.3,-2051.9
1975,15,Motorola,40078.4,3344.8
1975,16,Intel,1059.2,14754.9
1975,17,Oracle,15364.1,-2154.1
1975,18,Berkshire Hathaway,17397.4,-4272.1
1975,19,Boeing,10103.8,6977.7
1975,20,Bristol-Myers Squibb,39964.1,10680.0
1975,21,Berkshire Hathaway,23392.3,-3599.4
1975,22,Kindred Healthcare,15317.5,8397.1
1975,23,Motorola,29081.2,14894.6
1975,24,Texaco,48495.9,19590.5
1975,25,Xerox,28763.6,16614.8
1975,26,Oracle,35410.7,5346.7
1975,27,Wm. Wrigley Jr.,43913.9,2565.7
1975,28,Cincinnati Financial,15464.8,14444.8
1975,29,DuPont,22466.8,7501.4
1975,30,Goodyear,17335.7,2759.0
1975,31,Google,7593.1,18450.6
1975,32,Procter & Gamble,10656.8,16620.3
1975,33,Amoco,703.4,9857.2
1975,34,DuPont,16997.8,14154.5
1975,35,Oracle,1612.8,246.1
1975,36,Dow Chemical,10031.0,6027.9
1975,37,Shell Oil,13996.4,18957.5
1975,38,Wendy's International,5567.6,1776.3
1975,39,Hewlett-Packard,28917.1,17306.1
1975,40,Northrop Grumman,3010.9,-3738.6
1975,41,American Express,3163.1,9903.0
1975,42,Raytheon,31007.6,12822.5
1975,43,AT&T,48697.3,-1705.1
1975,44,Merck,5314.5,14162.3
1975,45,Bristol-Myers Squibb,11968.9,10423.6
1975,46,Wells Fargo,19907.8,14719.5
1975,47,Google,22937.5,3786.0
1975,48,Merck,42365.4,9367.0
1975,49,Wendy's International,5595.1,3146.7
1975,50,Chevron,39725.3,5336.0
1976,1,Johnson & Johnson,27623.5,3517.9
1976,2,Lockheed Martin,39323.5,8613.2
1976,3,Walmart,9067.7,12797.7
1976,4,Eli Lilly,6159.0,-2558.7
1976,5,Northrop Grumman,9220.6,-2281.4
1976,6,Morgan Stanley,16706.7,440.3
1976,7,Coca-Cola,44419.4,-4995.4
1976,8,PepsiCo,33213.6,10389.3
1976,9,Raytheon,10185.5,9256.9
1976,10,Cisco Systems,45965.8,17877.9
1976,11,DuPont,29345.0,16190.9
1976,12,Dell,3589.3,-4978.9
1976,13,JPMorgan Chase,5930.1,5792.9
1976,14,Merrill Lynch,31448.1,5879.8
1976,15,Intel,33293.1,4614.9
1976,16,Wells Fargo,42078.2,11751.7
1976,17,Coca-Cola,1074.3,17122.2
1976,18,Lockheed Martin,48761.3,15148.5
1976,19,UnitedHealth Group,44732.3,10581.2
1976,20,UnitedHealth Group,25716.0,3882.7
1976,21,Caterpillar,21526.2,N.A.
1976,22,Wm. Wrigley Jr.,42416.8,5270.9
1976,23,Wells Fargo,2156.4,4214.5
1976,24,Abbott Laboratories,48106.0,8160.2
1976,25,Nike,23514.3,-2788.8
1976,26,Bristol-Myers Squibb,31717.8,12101.9
1976,27,Oracle,30845.4,-4730.4
1976,28,UnitedHealth Group,25876.8,5525.4
1976,29,Dell,14815.8,13735.6
1976,30,Walt Disney,3540.2,-3709.5
1976,31,Dell,40540.3,-2937.2
1976,32,Peabody Energy,4304.7,10394.9
1976,33,Nike,42964.0,N.A.
1976,34,Amoco,30389.2,11478.9
1976,35,Goldman Sachs,40488.1,7123.0
1976,36,Cincinnati Financial,43169.7,-1373.2
1976,37,United Technologies,41961.9,4579.2
1976,38,Northrop Grumman,36437.0,16045.8
1976,39,IBM,32291.9,-810.0
1976,40,AIG,24073.5,18061.5
1976,41,Apple,19300.1,-1371.3
1976,42,Lockheed Martin,1087.2,11962.3
1976,43,Cincinnati Financial,34302.4,10935.6
1976,44,Lockheed Martin,30719.0,1758.2
1976,45,Chrysler,13139.5,11882.3
1976,46,Walmart,36848.5,3435.2
1976,47,Caterpillar,16006.9,N.A.
1976,48,Exxon Mobil,41668.6,N.A.
1976,49,Chrysler,26500.6,13131.3
1976,50,Pfizer,10057.4,18462.6
1977,1,Intel,47549.2,-2000.6
1977,2,Procter & Gamble,19109.9,15080.0
1977,3,Caterpillar,44852.1,6673.9
1977,4,Chevron,32119.6,5674.6
1977,5,Google,13238.2,-3440.3
1977,6,American Express,16966.4,1616.6
1977,7,Northrop Grumman,3935.2,4815.9
1977,8,Eli Lilly,5867.3,10349.2
1977,9,Gulf Oil,45674.2,-3177.0
1977,10,Pfizer,38973.2,N.A.
1977,11,Wm. Wrigley Jr.,7868.3,11615.1
1977,12,McDonald's,8004.6,-4907.4
1977,13,Eli Lilly,24167.9,15306.9
1977,14,Texaco,27236.4,N.A.
1977,15,Abbott Laboratories,6499.6,3336.0
1977,16,Cisco Systems,20330.4,-2733.3
1977,17,Bank of America,4482.6,11194.8
1977,18,Boeing,27946.5,2471.8
1977,19,American Express,44874.8,-2878.4
1977,20,Northrop Grumman,36898.5,12993.5
1977,21,Walmart,24717.0,2693.3
1977,22,Raytheon,48345.4,N.A.
1977,23,Bank of America,3274.7,-2045.3
1977,24,Kindred Healthcare,23189.3,-1276.2
1977,25,Apple,46278.4,11345.8
1977,26,Bristol-Myers Squibb,45405.4,11219.7
1977,27,Exxon Mobil,9026.3,14842.4
1977,28,UnitedHealth Group,30755.7,15436.8
1977,29,Amoco,25108.6,15111.3
1977,30,General Dynamics,17198.5,5050.2
1977,31,Shell Oil,48804.7,15910.7
1977,32,Intel,38329.3,-1981.4
1977,33,PepsiCo,37998.7,-874.8
1977,34,Johnson & Johnson,46320.9,16184.2
1977,35,Morgan Stanley,38994.3,N.A.
1977,36,Eli Lilly,4495.8,N.A.
1977,37,DuPont,35483.7,12337.6
1977,38,Bristol-Myers Squibb,34771.7,8077.2
1977,39,MetLife,12343.1,9906.8
1977,40,Wm. Wrigley Jr.,30796.5,2530.0
1977,41,Prudential Financial,726.2,8255.0
1977,42,Chrysler,31136.6,7688.5
1977,43,Merck,38631.4,-157.0
1977,44,United Technologies,34419.6,-591.9
1977,45,Ford Motor,3174.4,1284.5
1977,46,UnitedHealth Group,2644.2,-602.8
1977,47,General Electric,24510.5,13035.1
1977,48,Google,21243.8,751.6
1977,49,Amoco,16643.5,16747.2
1977,50,Morgan Stanley,44622.6,-3641.5
1978,1,Lockheed Martin,7674.6,4683.3
1978,2,Coca-Cola,23158.1,1742.4
1978,3,Berkshire Hathaway,6797.0,-1587.5
1978,4,Merck,23199.7,17160.2
1978,5,Eastman Kodak,39582.6,-751.6
1978,6,Apple,4780.5,19891.6
1978,7,Bristol-Myers Squibb,41931.0,13404.5
1978,8,Johnson & Johnson,12767.7,18187.0
1978,9,United Technologies,45730.9,-3894.4
1978,10,Bristol-Myers Squibb,36807.1,4858.0
1978,11,Chrysler,22895.8,-4689.4
1978,12,MetLife,47521.7,11191.0
1978,13,DuPont,1288.5,6482.1
1978,14,General Electric,48832.8,12578.4
1978,15,Caterpillar,39598.0,10835.1
1978,16,Chevron,19551.5,2414.7
1978,17,McDonald's,35053.7,178.7
1978,18,AT&T,31212.5,7868.4
1978,19,Wells Fargo,44454.9,10478.3
1978,20,Wells Fargo,18638.4,9019.0
1978,21,Motorola,7351.1,11226.0
1978,22,Motorola,37782.1,17448.3
1978,23,Peabody Energy,34171.2,3630.7
1978,24,Eli Lilly,25321.8,8297.6
1978,25,Dell,22872.9,12330.6
1978,26,Texaco,9823.5,4767.1
1978,27,Boeing,14774.4,1898.6
1978,28,PepsiCo,25068.3,10681.9
1978,29,Dell,21118.6,6847.6
1978,30,Prudential Financial,22471.1,-3426.3
1978,31,Apple,41829.9,9467.6
1978,32,Google,24564.3,8711.7
1978,33,UnitedHealth Group,15552.1,-706.6
1978,34,Walt Disney,11725.7,16137.8
1978,35,PepsiCo,17979.5,18103.3
1978,36,Hewlett-Packard,9522.9,17617.8
1978,37,United Technologies,8482.1,9363.1
1978,38,Northrop Grumman,13390.2,-4132.8
1978,39,Amazon,48912.1,19386.6
1978,40,Cisco Systems,6513.8,14213.0
1978,41,UnitedHealth Group,46426.7,8653.6
1978,42,Peabody Energy,16898.4,2245.7
1978,43,PepsiCo,40079.0,3467.1
1978,44,Amoco,36716.2,8774.0
1978,45,Oracle,1727.4,3934.8
1978,46,Google,3224.2,553.6
1978,47,Nike,10187.9,11926.6
1978,48,DuPont,48804.1,10079.3
1978,49,Wendy's International,47198.4,-1301.4
1978,50,General Dynamics,18796.7,3783.9
1979,1,Raytheon,43777.9,6105.5
1979,2,Prudential Financial,40282.4,19259.0
1979,3,General Dynamics,36566.0,9948.4
1979,4,PepsiCo,10785.3,19666.0
1979,5,Texaco,46691.1,-4834.5
1979,6,McDonald's,21018.4,13881.1
1979,7,Coca-Cola,10363.2,7264.6
1979,8,Cisco Systems,41812.0,6586.3
1979,9,General Electric,39665.4,11013.9
1979,10,Bristol-Myers Squibb,6646.8,-515.7
1979,11,Johnson & Johnson,1907.9,19265.6
1979,12,Wells Fargo,29262.8,10699.9
1979,13,Bristol-Myers Squibb,48725.8,13323.9
1979,14,U.S. Steel,42341.4,2992.0
1979,15,Coca-Cola,18190.6,10906.2
1979,16,JPMorgan Chase,2911.4,-3079.3
1979,17,Goodyear,38438.9,13815.7
1979,18,Google,43685.9,2526.8
1979,19,Wells Fargo,5243.8,-4677.6
1979,20,Kindred Healthcare,14430.2,18022.7
1979,21,Eastman Kodak,5569.7,-289.6
1979,22,Cincinnati Financial,42380.5,15064.5
1979,23,Prudential Financial,23294.3,18085.2
1979,24,Abbott Laboratories,17736.4,6048.4
1979,25,Kindred Healthcare,38297.7,-4281.0
1979,26,Shell Oil,11506.7,664.4
1979,27,Procter & Gamble,10887.1,14075.6
1979,28,Amoco,4347.9,-3937.1
1979,29,Gulf Oil,2123.2,6727.1
1979,30,Pfizer,2642.4,-2587.4
1979,31,Shell Oil,46044.9,-380.5
1979,32,Citigroup,1948.3,1934.4
1979,33,Citigroup,17934.1,10323.9
1979,34,Peabody Energy,28726.7,-4650.4
1979,35,Intel,35932.7,13850.4
1979,36,General Motors,48692.2,7604.9
1979,37,Bristol-Myers Squibb,18639.9,18943.7
1979,38,Caterpillar,41819.7,7856.3
1979,39,MetLife,6085.9,-2242.1
1979,40,Coca-Cola,25042.9,13053.4
1979,41,AT&T,16741.7,10009.7
1979,42,Oracle,34508.8,5182.1
1979,43,General Dynamics,9844.9,6891.9
1979,44,Goldman Sachs,9375.2,-2370.7
1979,45,Northrop Grumman,26371.8,4870.3
1979,46,Gulf Oil,37200.9,4092.7
1979,47,Dow Chemical,17262.3,-1930.9
1979,48,General Dynamics,36397.4,9548.0
1979,49,McDonald's,37937.0,3902.4
1979,50,AIG,49382.4,6365.9
1980,1,Shell Oil,12909.1,-1634.8
1980,2,Chrysler,37021.0,-4331.3
1980,3,Boeing,19440.3,10549.2
1980,4,Chrysler,38128.5,7304.7
1980,5,Merck,10495.6,1541.6
1980,6,Bank of America,40569.3,14099.1
1980,7,Lockheed Martin,44066.2,16321.9
1980,8,Northrop Grumman,23253.0,16509.0
1980,9,Cisco Systems,44292.7,2811.5
1980,10,American Express,24629.0,11502.0
1980,11,Bristol-Myers Squibb,24057.6,4784.6
1980,12,Wm. Wrigley Jr.,29756.7,14161.8
1980,13,Hewlett-Packard,16363.9,15923.4
1980,14,Citigroup,40572.9,10628.8
1980,15,Morgan Stanley,5318.8,3781.7
1980,16,Johnson & Johnson,12756.9,17759.7
1980,17,Texaco,43512.5,8460.4
1980,18,Esmark,23315.0,17535.2
1980,19,McDonald's,1509.9,2912.9
1980,20,American Express,16459.9,12271.6
1980,21,Motorola,17130.4,3488.5
1980,22,Cisco Systems,18485.0,16183.4
1980,23,Chevron,42098.8,-3811.7
1980,24,AIG,40327.8,12942.7
1980,25,Chrysler,29797.3,8276.6
1980,26,General Dynamics,10882.1,2546.2
1980,27,Cisco Systems,21929.1,5057.5
1980,28,Wendy's International,22934.8,-4534.9
1980,29,Kindred Healthcare,43204.1,19052.9
1980,30,Merck,13762.8,16319.4
1980,31,Lockheed Martin,46764.5,16.2
1980,32,Merck,7813.3,2506.9
1980,33,Lockheed Martin,20807.9,10848.2
1980,34,MetLife,13713.3,12171.4
1980,35,Walmart,20590.4,1139.7
1980,36,Oracle,23475.9,11173.1
1980,37,Esmark,10498.5,14741.7
1980,38,Nike,33104.2,19094.7
1980,39,Eli Lilly,39220.6,2847.6
1980,40,Cisco Systems,43425.0,4085.9
1980,41,DuPont,20146.3,901.0
1980,42,Peabody Energy,46680.3,18741.9
1980,43,Cincinnati Financial,12964.5,-1943.1
1980,44,Amazon,16799.7,13709.4
1980,45,Walmart,46807.3,352.7
1980,46,Nike,22254.0,7259.0
1980,47,Goldman Sachs,35131.1,6871.4
1980,48,Johnson & Johnson,48184.1,4075.0
1980,49,Goldman Sachs,41157.6,10145.4
1980,50,IBM,34688.8,8818.2
1981,1,Oracle,32128.0,12131.2
1981,2,Walmart,42953.5,4824.4
1981,3,Pfizer,15394.0,2435.6
1981,4,Eastman Kodak,45836.6,14168.5
1981,5,MetLife,39571.2,14486.4
1981,6,Eli Lilly,23819.0,12934.7
1981,7,Chrysler,41307.8,3796.4
1981,8,Google,22936.5,11039.8
1981,9,Northrop Grumman,39655.5,10707.4
1981,10,Amazon,29002.6,12839.1
1981,11,Procter & Gamble,42424.5,2985.0
1981,12,Abbott Laboratories,43738.5,9825.5
1981,13,Google,40076.7,-452.8
1981,14,Morgan Stanley,47265.5,18702.7
1981,15,Apple,45388.8,12531.5
1981,16,Xerox,2964.3,-1268.7
1981,17,Goldman Sachs,8921.1,8145.9
1981,18,UnitedHealth Group,41449.2,78.6
1981,19,McDonald's,14754.1,16408.4
1981,20,Intel,49762.8,5458.3
1981,21,MetLife,39726.9,887.1
1981,22,Raytheon,45412.7,6454.1
1981,23,Exxon Mobil,23709.6,4938.9
1981,24,Intel,35810.1,1405.6
1981,25,Chrysler,28071.5,6773.3
1981,26,JPMorgan Chase,49838.6,9955.8
1981,27,Ford Motor,765.4,19438.1
1981,28,Goldman Sachs,7045.8,-515.7
1981,29,Xerox,25435.5,-1702.0
1981,30,Amazon,35657.7,2831.7
1981,31,Procter & Gamble,25210.9,4014.8
1981,32,Lockheed Martin,14504.8,14039.1
1981,33,Walt Disney,26090.1,13421.7
1981,34,Eli Lilly,38301.9,11435.5
1981,35,Northrop Grumman,3134.5,-4103.4
1981,36,Walt Disney,8596.0,17379.4
1981,37,Wm. Wrigley Jr.,2519.2,7130.0
1981,38,Wm. Wrigley Jr.,6068.3,3740.1
1981,39,Motorola,43474.6,7718.4
1981,40,McDonald's,28380.7,19950.1
1981,41,General Motors,26537.8,-3079.1
1981,42,Wm. Wrigley Jr.,34007.0,12032.8
1981,43,Shell Oil,20011.4,15924.4
1981,44,United Technologies,1929.3,6996.4
1981,45,McDonald's,29913.1,N.A.
1981,46,Ford Motor,32980.6,13288.6
1981,47,Procter & Gamble,10962.7,3079.3
1981,48,Mobil,37318.1,-2686.2
1981,49,Pfizer,9311.5,-2770.3
1981,50,Motorola,8565.6,13814.0
1982,1,United Technologies,6469.8,15158.8
1982,2,Oracle,45234.8,-2597.2
1982,3,Goldman Sachs,25876.3,6911.0
1982,4,General Dynamics,4966.0,-341.1
1982,5,General Dynamics,5100.9,11911.0
1982,6,United Technologies,46568.0,-2900.7
1982,7,Merck,22149.1,-1284.8
1982,8,Procter & Gamble,34373.5,5693.3
1982,9,IBM,27774.2,7766.3
1982,10,MetLife,5177.0,1334.5
1982,11,Pfizer,29485.6,13512.9
1982,12,Merck,9387.8,-2917.7
1982,13,Cisco Systems,16040.3,6248.7
1982,14,Walt Disney,17396.1,276.7
1982,15,AT&T,37478.0,-2341.7
1982,16,U.S. Steel,789.4,6928.0
1982,17,AIG,43504.6,7168.1
1982,18,Wells Fargo,34687.8,15116.0
1982,19,DuPont,6691.9,N.A.
1982,20,Amoco,40890.4,-4329.6
1982,21,Abbott Laboratories,32606.8,10651.5
1982,22,Goodyear,4761.6,5547.0
1982,23,Amoco,8722.2,19096.7
1982,24,Bristol-Myers Squibb,1471.6,2370.8
1982,25,Merrill Lynch,3020.6,N.A.
1982,26,Lockheed Martin,48984.6,9896.0
1982,27,Dell,2332.4,13115.4
1982,28,Eli Lilly,11979.3,9410.1
1982,29,Texaco,13758.5,-2076.5
1982,30,Citigroup,22692.1,13155.2
1982,31,Bristol-Myers Squibb,17520.4,17726.8
1982,32,Bank of America,46125.9,6711.7
1982,33,Dell,36288.3,18529.9
1982,34,Wells Fargo,39900.6,10546.1
1982,35,Hewlett-Packard,34689.5,-667.7
1982,36,Eastman Kodak,30484.6,19844.2
1982,37,Cisco Systems,12118.6,3969.7
1982,38,Walt Disney,18173.7,17361.4
1982,39,Esmark,40437.4,667.3
1982,40,Microsoft,24575.1,14234.3
1982,41,McDonald's,44867.7,10107.2
1982,42,Gulf Oil,35467.0,6428.4
1982,43,Amoco,48745.7,16459.7
1982,44,Gulf Oil,41268.7,10748.2
1982,45,Motorola,45593.8,6037.9
1982,46,Peabody Energy,25170.4,4093.4
1982,47,Coca-Cola,6587.7,14230.5
1982,48,General Motors,12643.1,7625.6
1982,49,AT&T,13667.8,10736.0
1982,50,Johnson & Johnson,8004.8,704.6
1983,1,General Dynamics,20963.8,16309.8
1983,2,Wells Fargo,47215.1,12940.6
1983,3,Kindred Healthcare,47210.3,19548.6
1983,4,Xerox,21986.6,18063.0
1983,5,United Technologies,45174.3,12834.2
1983,6,Kindred Healthcare,48646.7,12519.8
1983,7,Cisco Systems,36216.8,15675.1
1983,8,Cincinnati Financial,30714.9,11097.0
1983,9,Northrop Grumman,35024.8,5112.6
1983,10,Dow Chemical,44108.2,4749.8
1983,11,Procter & Gamble,26263.3,7791.8
1983,12,Oracle,26306.1,-4302.7
1983,13,Walt Disney,12446.3,19673.9
1983,14,Amoco,36733.3,7687.5
1983,15,Shell Oil,2862.8,2449.0
1983,16,General Motors,22930.8,19725.0
1983,17,Apple,17841.7,12871.4
1983,18,Coca-Cola,35860.4,3196.2
1983,19,Goodyear,41230.7,12791.0
1983,20,MetLife,4556.4,6906.3
1983,21,Raytheon,4364.6,8974.2
1983,22,Merrill Lynch,43664.7,19912.8
1983,23,Eli Lilly,36720.0,7644.6
1983,24,Eli Lilly,35702.0,16581.8
1983,25,Shell Oil,34876.3,-1079.0
1983,26,Goldman Sachs,46124.0,-2241.6
1983,27,Goldman Sachs,28802.4,4286.7
1983,28,Goldman Sachs,15511.4,-1446.5
1983,29,Prudential Financial,2908.2,389.5
1983,30,Eli Lilly,603.2,-3882.9
1983,31,Abbott Laboratories,28866.4,14533.7
1983,32,Bristol-Myers Squibb,41805.8,-1536.9
1983,33,UnitedHealth Group,38203.1,13196.6
1983,34,DuPont,40090.7,820.6
1983,35,Merrill Lynch,17280.4,6077.4
1983,36,Nike,32472.9,9299.9
1983,37,Oracle,28271.7,-189.3
1983,38,IBM,47886.0,7566.0
1983,39,U.S. Steel,6454.0,-4525.7
1983,40,Motorola,12641.7,6105.7
1983,41,Google,20389.0,-4418.4
1983,42,Lockheed Martin,9435.1,4550.3
1983,43,DuPont,6174.9,-1399.1
1983,44,Pfizer,38531.1,11965.2
1983,45,Mobil,30916.5,-3537.5
1983,46,American Express,5387.8,1448.4
1983,47,Shell Oil,3068.0,912.3
1983,48,Wendy's International,37743.3,-3484.2
1983,49,Merck,27879.5,10838.5
1983,50,U.S. Steel,13823.4,1157.9
1984,1,Procter & Gamble,15578.3,10895.0
1984,2,Motorola,39252.6,-795.3
1984,3,Johnson & Johnson,27108.0,6293.6
1984,4,General Motors,40725.9,11326.5
1984,5,Xerox,526.9,9946.7
1984,6,Morgan Stanley,49962.5,16017.1
1984,7,Hewlett-Packard,2751.5,2516.0
1984,8,Merrill Lynch,35072.3,19970.5
1984,9,Lockheed Martin,10937.1,17098.3
1984,10,Bank of America,31940.9,1825.3
1984,11,Google,17410.7,-4603.1
1984,12,Coca-Cola,32498.9,N.A.
1984,13,Bristol-Myers Squibb,711.8,N.A.
1984,14,Boeing,20951.6,14061.6
1984,15,AT&T,39471.6,-4226.3
1984,16,Northrop Grumman,33776.2,15686.7
1984,17,JPMorgan Chase,19644.2,19594.9
1984,18,Shell Oil,23403.3,538.0
1984,19,U.S. Steel,38041.8,-212.2
1984,20,Cisco Systems,40516.5,19182.4
1984,21,Esmark,14397.4,227.2
1984,22,Dow Chemical,49221.0,1933.7
1984,23,Peabody Energy,24953.6,9142.7
1984,24,Boeing,3735.4,1490.6
1984,25,Apple,44109.7,16191.7
1984,26,U.S. Steel,49601.6,1323.0
1984,27,UnitedHealth Group,596.8,11250.8
1984,28,Google,21911.1,12004.3
1984,29,Merck,25030.9,13030.5
1984,30,IBM,14257.7,-4871.0
1984,31,Goodyear,17067.9,19756.6
1984,32,Microsoft,48915.7,1249.6
1984,33,Xerox,16796.6,-4303.2
1984,34,Lockheed Martin,40498.9,3357.6
1984,35,Pfizer,12734.1,15812.9
1984,36,Berkshire Hathaway,26223.9,9999.1
1984,37,Northrop Grumman,38322.9,-2861.6
1984,38,Mobil,45877.4,12334.1
1984,39,Procter & Gamble,3569.1,10268.5
1984,40,Lockheed Martin,3756.6,2372.9
1984,41,Morgan Stanley,20383.3,16614.6
1984,42,Exxon Mobil,22943.9,10505.3
1984,43,Chrysler,17311.0,6351.9
1984,44,Berkshire Hathaway,29596.8,12832.5
1984,45,Goodyear,45266.3,3884.8
1984,46,Abbott Laboratories,36368.8,14925.6
1984,47,Mobil,6820.2,11292.6
1984,48,JPMorgan Chase,15903.8,-1314.8
1984,49,Oracle,30364.8,7942.0
1984,50,PepsiCo,3337.2,16467.6
1985,1,General Dynamics,17518.9,31.5
1985,2,Texaco,17406.8,19548.1
1985,3,Berkshire Hathaway,42674.4,2490.8
1985,4,Berkshire Hathaway,8532.9,-3945.2
1985,5,Microsoft,46037.7,6663.4
1985,6,Intel,12331.4,3287.9
1985,7,Morgan Stanley,10663.2,4070.4
1985,8,Chevron,18215.4,6010.2
1985,9,Wells Fargo,2673.3,-646.3
1985,10,Walt Disney,36082.4,-536.5
1985,11,U.S. Steel,9215.8,15786.1
1985,12,Coca-Cola,19256.7,18402.9
1985,13,Oracle,23082.1,-716.0
1985,14,Cincinnati Financial,48866.5,16959.7
1985,15,Texaco,6365.4,-259.0
1985,16,Morgan Stanley,34870.5,10903.6
1985,17,Ford Motor,38272.6,2354.6
1985,18,United Technologies,16720.2,16821.3
1985,19,Wendy's International,48435.0,-2964.8
1985,20,Bristol-Myers Squibb,39654.4,4702.9
1985,21,Wendy's International,19026.2,12812.2
1985,22,Cincinnati Financial,34878.2,1708.4
1985,23,AIG,32086.2,180.0
1985,24,Dow Chemical,22878.0,5625.6
1985,25,Morgan Stanley,28782.8,8763.8
1985,26,Coca-Cola,37705.3,754.4
1985,27,Ford Motor,23530.0,6688.8
1985,28,MetLife,18691.8,-4382.0
1985,29,Northrop Grumman,12072.6,-2939.5
1985,30,Peabody Energy,25883.2,18165.1
1985,31,Chrysler,6370.1,3343.9
1985,32,Berkshire Hathaway,12876.2,16136.2
1985,33,Goodyear,35429.3,13809.6
1985,34,Walt Disney,922.4,14578.2
1985,35,AIG,47317.8,-4702.7
1985,36,Wendy's International,49469.1,689.5
1985,37,Motorola,23984.7,13940.5
1985,38,Merck,17362.6,5719.8
1985,39,Prudential Financial,10874.4,4367.5
1985,40,Procter & Gamble,15625.8,11471.2
1985,41,JPMorgan Chase,17321.2,5084.2
1985,42,Cisco Systems,16640.9,18053.6
1985,43,United Technologies,48873.5,14978.6
1985,44,Merrill Lynch,49018.5,8362.3
1985,45,Goodyear,24001.5,10975.1
1985,46,Cisco Systems,5115.5,-4198.5
1985,47,Eli Lilly,1828.5,4647.4
1985,48,Motorola,12035.5,-3563.7
1985,49,Kindred Healthcare,1046.8,4777.6
1985,50,Amoco,6892.3,4724.8
1986,1,Motorola,6931.6,12741.8
1986,2,Bristol-Myers Squibb,8359.7,74.3
1986,3,UnitedHealth Group,14134.3,N.A.
1986,4,PepsiCo,22563.7,1171.0
1986,5,Berkshire Hathaway,45560.0,9403.3
1986,6,DuPont,14751.6,12507.9
1986,7,Cisco Systems,19859.0,5376.3
1986,8,Boeing,45048.2,17770.8
1986,9,Caterpillar,35076.8,-3908.4
1986,10,Eastman Kodak,14051.9,17907.4
1986,11,Intel,45482.5,-1969.2
1986,12,Goldman Sachs,4288.4,3150.3
1986,13,Raytheon,8659.5,-4332.1
1986,14,Merck,19367.2,4916.9
1986,15,Exxon Mobil,12905.0,11757.4
1986,16,Merck,24495.6,1057.3
1986,17,Northrop Grumman,7442.7,-735.3
1986,18,U.S. Steel,30545.9,13536.2
1986,19,Xerox,4340.5,-1162.6
1986,20,JPMorgan Chase,9308.0,8307.5
1986,21,Northrop Grumman,34988.7,11025.3
1986,22,Gulf Oil,19835.6,-4883.4
1986,23,Morgan Stanley,38472.2,963.5
1986,24,DuPont,1293.9,15513.2
1986,25,Texaco,11418.1,15761.3
1986,26,Xerox,36338.6,15390.6
1986,27,Google,28321.7,8542.6
1986,28,General Dynamics,6479.8,-659.5
1986,29,AIG,32872.6,N.A.
1986,30,Intel,23209.4,11248.6
1986,31,Goldman Sachs,2675.0,14188.6
1986,32,Wm. Wrigley Jr.,49163.6,19763.3
1986,33,Xerox,12971.0,10771.8
1986,34,American Express,34056.1,3301.2
1986,35,Amazon,48912.1,-4558.8
1986,36,Raytheon,19427.4,9686.7
1986,37,Exxon Mobil,12014.0,2721.2
1986,38,General Dynamics,37983.7,4363.1
1986,39,Dell,10499.6,951.6
1986,40,Northrop Grumman,37093.2,11090.1
1986,41,Ford Motor,26283.2,2211.4
1986,42,General Electric,11836.0,145.4
1986,43,IBM,45378.3,12183.7
1986,44,Microsoft,30599.1,6059.0
1986,45,General Motors,3698.5,-3697.3
1986,46,PepsiCo,46944.6,8721.2
1986,47,Motorola,12197.4,2786.6
1986,48,Dow Chemical,12623.8,2133.8
1986,49,Raytheon,48402.4,7029.3
1986,50,Wells Fargo,20213.1,7632.3
1987,1,Lockheed Martin,38136.1,-4504.7
1987,2,Morgan Stanley,21656.2,2505.8
1987,3,United Technologies,27866.2,2646.2
1987,4,Hewlett-Packard,19069.8,-1583.6
1987,5,Bristol-Myers Squibb,10187.9,-
1987,6,Peabody Energy,36653.2,5395.5
1987,7,Merrill Lynch,48539.4,11026.2
1987,8,Chevron,20735.0,4620.7
1987,9,Eastman Kodak,10114.3,17827.1
1987,10,Citigroup,25725.6,12411.4
1987,11,American Express,46362.7,-4137.3
1987,12,Wells Fargo,31732.2,11133.3
1987,13,Walt Disney,30469.1,1185.4
1987,14,Eastman Kodak,1110.7,17922.1
1987,15,Merrill Lynch,35450.5,17748.7
1987,16,General Dynamics,8708.3,7516.2
1987,17,Morgan Stanley,29510.9,18108.0
1987,18,DuPont,5909.1,15355.7
1987,19,McDonald's,37562.1,2702.5
1987,20,Xerox,40911.3,N.A.
1987,21,Texaco,38800.3,2208.5
1987,22,Lockheed Martin,8946.4,-49.5
1987,23,Caterpillar,25379.4,314.3
1987,24,Dow Chemical,3419.6,1483.8
1987,25,MetLife,22316.2,10910.8
1987,26,AT&T,15009.7,3553.8
1987,27,Walmart,24155.9,-3473.6
1987,28,General Motors,33433.5,276.7
1987,29,General Motors,19095.5,1645.9
1987,30,Eli Lilly,23925.0,4269.6
1987,31,Bank of America,49972.5,11627.0
1987,32,Morgan Stanley,30735.0,15156.8
1987,33,General Motors,23117.5,17199.3
1987,34,Coca-Cola,1771.2,18776.5
1987,35,Johnson & Johnson,18737.3,6880.0
1987,36,MetLife,33181.3,N.A.
1987,37,Google,1323.2,15188.9
1987,38,Google,34057.5,13480.1
1987,39,AT&T,17742.5,6903.0
1987,40,Chrysler,36846.7,-1421.0
1987,41,Kindred Healthcare,43873.6,-4206.4
1987,42,Wm. Wrigley Jr.,39942.6,8718.7
1987,43,Merck,8818.6,11566.1
1987,44,Walmart,12546.1,12497.7
1987,45,Gulf Oil,22027.2,18224.2
1987,46,American Express,38432.3,6907.6
1987,47,Shell Oil,33441.1,7299.0
1987,48,Berkshire Hathaway,43661.1,10017.0
1987,49,Bank of America,19162.0,4541.3
1987,50,Lockheed Martin,40518.2,-2808.0
1988,1,DuPont,17341.8,18550.2
1988,2,Goldman Sachs,6807.2,13422.9
1988,3,Oracle,3563.3,19496.2
1988,4,Amazon,38678.4,-1842.3
1988,5,Microsoft,5776.0,N.A.
1988,6,UnitedHealth Group,16138.3,472.6
1988,7,UnitedHealth Group,7797.6,16228.2
1988,8,Esmark,30144.6,-1913.4
1988,9,Abbott Laboratories,31738.3,19162.4
1988,10,Mobil,49066.6,265.3
1988,11,Microsoft,35170.2,-524.5
1988,12,Eli Lilly,36506.1,17809.4
1988,13,Eastman Kodak,49557.6,11947.5
1988,14,Citigroup,38006.9,2076.0
1988,15,Goodyear,35204.9,3085.5
1988,16,IBM,42565.6,-907.6
1988,17,Coca-Cola,22373.2,244.2
1988,18,Dow Chemical,36898.3,N.A.
1988,19,Gulf Oil,34076.7,18760.0
1988,20,General Dynamics,34132.5,3889.6
1988,21,Bristol-Myers Squibb,9391.8,11252.4
1988,22,Lockheed Martin,48501.5,-4150.2
1988,23,Walmart,20133.9,-687.8
1988,24,Morgan Stanley,38904.6,-2759.7
1988,25,Merck,43312.3,11329.9
1988,26,Goldman Sachs,1074.3,11035.2
1988,27,Wendy's International,11634.3,6987.5
1988,28,Chrysler,39820.0,11114.9
1988,29,Lockheed Martin,15269.0,12844.2
1988,30,Caterpillar,20563.9,15436.6
1988,31,Cincinnati Financial,24683.9,12843.7
1988,32,Shell Oil,37798.7,-2066.8
1988,33,Caterpillar,763.5,-4021.4
1988,34,Motorola,32805.7,13826.7
1988,35,AT&T,49006.5,8610.7
1988,36,General Dynamics,48866.6,-3845.8
1988,37,Kindred Healthcare,45278.7,-1503.6
1988,38,Eli Lilly,34907.5,3802.9
1988,39,Wendy's International,10887.1,927.5
1988,40,Goodyear,7512.5,-1644.8
1988,41,Intel,29793.3,5550.4
1988,42,Pfizer,13403.4,6401.7
1988,43,Pfizer,33988.0,94.1
1988,44,McDonald's,49770.3,4303.6
1988,45,Wendy's International,30444.8,19811.2
1988,46,Lockheed Martin,19257.6,1753.1
1988,47,Amoco,34357.0,-2775.6
1988,48,Berkshire Hathaway,39014.5,1841.2
1988,49,Chrysler,19169.2,-2374.9
1988,50,Shell Oil,9198.7,15533.6
1989,1,Eli Lilly,5229.3,2049.9
1989,2,McDonald's,30569.6,18662.8
1989,3,American Express,9443.3,14718.7
1989,4,AIG,24104.7,-
1989,5,Wendy's International,35804.5,9189.0
1989,6,McDonald's,3116.8,12687.6
1989,7,Johnson & Johnson,34071.7,5974.0
1989,8,JPMorgan Chase,40024.2,5694.1
1989,9,Apple,15606.8,5162.9
1989,10,Amazon,42339.7,1000.9
1989,11,DuPont,8673.1,8854.0
1989,12,Wm. Wrigley Jr.,40513.2,N.A.
1989,13,General Dynamics,34013.1,7445.1
1989,14,Shell Oil,20570.8,13647.9
1989,15,General Dynamics,35278.3,13474.6
1989,16,Cincinnati Financial,34361.9,-786.7
1989,17,Cincinnati Financial,45238.0,-1667.0
1989,18,JPMorgan Chase,47647.9,4332.1
1989,19,Amoco,17229.0,16269.4
1989,20,Shell Oil,14858.2,-4944.1
1989,21,Merrill Lynch,11264.4,11074.3
1989,22,Esmark,46803.0,-3562.6
1989,23,General Motors,30968.7,-4871.1
1989,24,Caterpillar,20402.4,N.A.
1989,25,Lockheed Martin,24856.3,-1157.2
1989,26,Shell Oil,45698.9,N.A.
1989,27,Pfizer,11691.7,5708.5
1989,28,Caterpillar,27053.2,11407.0
1989,29,Northrop Grumman,8510.8,3980.9
1989,30,Dow Chemical,5977.9,5526.4
1989,31,Berkshire Hathaway,45099.4,6982.4
1989,32,McDonald's,6380.2,12043.4
1989,33,Procter & Gamble,16581.9,7546.5
1989,34,American Express,7005.2,-1846.9
1989,35,Citigroup,25250.0,11957.8
1989,36,Bank of America,21768.4,-
1989,37,Abbott Laboratories,14828.6,1193.7
1989,38,United Technologies,36597.8,-2124.5
1989,39,Walt Disney,49715.7,-39.7
1989,40,Gulf Oil,35206.7,19813.8
1989,41,United Technologies,11854.5,19760.0
1989,42,PepsiCo,21602.0,-3726.1
1989,43,MetLife,26486.1,544.4
1989,44,General Dynamics,24220.2,2607.2
1989,45,McDonald's,18497.0,1174.2
1989,46,IBM,9496.7,N.A.
1989,47,Google,10992.9,-2481.0
1989,48,Caterpillar,12987.0,-2211.8
1989,49,Exxon Mobil,34306.6,4014.2
1989,50,Wells Fargo,37275.1,956.3
1990,1,Nike,10896.6,-1737.9
1990,2,Shell Oil,2531.4,15435.2
1990,3,Goodyear,35380.7,8664.5
1990,4,Bank of America,15423.1,8338.9
1990,5,United Technologies,2668.6,1313.1
1990,6,Citigroup,44798.2,17771.2
1990,7,Texaco,24399.6,14772.1
1990,8,Xerox,30158.1,-3863.9
1990,9,Mobil,39822.3,4937.3
1990,10,Wendy's International,48591.2,4603.8
1990,11,American Express,20342.0,-999.9
1990,12,Intel,29809.6,N.A.
1990,13,Wendy's International,23044.3,2585.3
1990,14,Microsoft,15170.0,598.2
1990,15,Walmart,14946.2,1943.9
1990,16,Coca-Cola,13886.5,1225.2
1990,17,Motorola,26962.4,N.A.
1990,18,Citigroup,31817.8,18660.7
1990,19,Walt Disney,36242.9,3115.9
1990,20,Mobil,31484.8,N.A.
1990,21,JPMorgan Chase,11354.3,19290.1
1990,22,Gulf Oil,36268.8,1433.6
1990,23,Motorola,40933.9,9541.6
1990,24,Merrill Lynch,8204.3,4216.0
1990,25,Abbott Laboratories,5137.7,16558.8
1990,26,Goodyear,28698.1,2051.1
1990,27,Oracle,8564.5,10195.6
1990,28,Texaco,7604.4,11128.0
1990,29,AIG,5461.6,15199.8
1990,30,Chrysler,19204.8,14086.1
1990,31,Ford Motor,7042.9,18465.0
1990,32,Exxon Mobil,39723.8,N.A.
1990,33,Gulf Oil,27347.3,-2875.9
1990,34,Coca-Cola,24281.1,-921.4
1990,35,Berkshire Hathaway,24206.0,1686.4
1990,36,Shell Oil,1549.8,-2435.8
1990,37,Prudential Financial,7520.8,5678.4
1990,38,PepsiCo,17988.8,12110.4
1990,39,Amoco,24845.1,18911.7
1990,40,Hewlett-Packard,18186.7,18083.0
1990,41,AT&T,44831.5,8262.0
1990,42,Caterpillar,34131.9,2539.1
1990,43,Hewlett-Packard,17745.1,11543.3
1990,44,Walt Disney,40630.6,-4945.5
1990,45,United Technologies,39000.3,6167.4
1990,46,Abbott Laboratories,40825.2,13167.7
1990,47,PepsiCo,4977.1,4625.4
1990,48,Amazon,24963.2,10043.6
1990,49,Berkshire Hathaway,7342.0,4579.6
1990,50,Wm. Wrigley Jr.,27168.0,752.9
1991,1,AT&T,29257.7,12337.5
1991,2,Microsoft,35303.1,-
1991,3,U.S. Steel,18438.7,-2246.1
1991,4,Citigroup,18362.5,-1516.3
1991,5,UnitedHealth Group,7634.9,17823.8
1991,6,Johnson & Johnson,10931.5,-2069.1
1991,7,PepsiCo,19184.3,4292.1
1991,8,Gulf Oil,33306.0,16761.9
1991,9,General Electric,7770.9,-4688.1
1991,10,Prudential Financial,7911.0,13702.7
1991,11,Cisco Systems,23774.1,11121.2
1991,12,Exxon Mobil,14695.1,-4197.0
1991,13,Boeing,25413.1,N.A.
1991,14,General Dynamics,34155.2,15738.0
1991,15,Peabody Energy,15648.7,1795.7
1991,16,DuPont,26314.3,296.6
1991,17,Mobil,11335.9,8982.4
1991,18,Chevron,40919.7,11047.3
1991,19,Morgan Stanley,8658.8,-131.7
1991,20,Gulf Oil,5667.8,3386.8
1991,21,Walmart,14469.2,9927.8
1991,22,Oracle,9793.3,1008.4
1991,23,AT&T,48844.8,14755.6
1991,24,Ford Motor,2878.4,19513.5
1991,25,Hewlett-Packard,47957.6,4766.0
1991,26,JPMorgan Chase,48705.6,5182.2
1991,27,Peabody Energy,5499.6,9679.4
1991,28,Morgan Stanley,24109.2,-969.4
1991,29,Merck,4398.3,789.3
1991,30,Intel,40470.1,-973.8
1991,31,Peabody Energy,26056.9,18255.7
1991,32,Bank of America,22650.3,10586.8
1991,33,Lockheed Martin,2480.6,977.8
1991,34,Chevron,47921.8,-2564.8
1991,35,Exxon Mobil,7559.8,19223.7
1991,36,DuPont,25196.2,2390.2
1991,37,Texaco,14365.8,-520.3
1991,38,UnitedHealth Group,13268.2,16916.4
1991,39,Coca-Cola,47021.6,4086.8
1991,40,Hewlett-Packard,20346.5,-1775.4
1991,41,Wells Fargo,25867.7,-2912.7
1991,42,MetLife,25544.2,12063.9
1991,43,Mobil,37181.6,-4801.4
1991,44,Gulf Oil,14887.7,-3175.5
1991,45,American Express,43770.9,6712.2
1991,46,Merck,5901.4,18988.7
1991,47,Merrill Lynch,38526.7,2932.1
1991,48,Eli Lilly,11025.4,6364.5
1991,49,United Technologies,47452.4,9205.2
1991,50,Morgan Stanley,3588.8,19464.0
1992,1,Intel,3176.8,12091.8
1992,2,McDonald's,12977.5,1847.6
1992,3,AT&T,15267.7,8119.4
1992,4,Walt Disney,9611.9,5713.4
1992,5,Cisco Systems,8644.4,6887.5
1992,6,Eastman Kodak,48296.7,9257.9
1992,7,Exxon Mobil,28265.0,13068.1
1992,8,PepsiCo,16524.8,13570.9
1992,9,Amazon,1202.2,7486.1
1992,10,Amazon,6123.5,8017.3
1992,11,General Motors,49417.8,10857.3
1992,12,Chrysler,2306.1,12411.2
1992,13,Xerox,30246.7,-221.0
1992,14,Exxon Mobil,18827.7,2674.1
1992,15,Shell Oil,35116.2,5259.7
1992,16,JPMorgan Chase,41495.2,3395.7
1992,17,Boeing,23211.8,-933.6
1992,18,Lockheed Martin,19387.4,5937.3
1992,19,Hewlett-Packard,35253.6,-2519.4
1992,20,DuPont,40394.0,10406.5
1992,21,MetLife,5631.9,8618.3
1992,22,Northrop Grumman,25416.4,16292.6
1992,23,Intel,11532.5,-111.0
1992,24,Bristol-Myers Squibb,47552.3,6598.7
1992,25,Merrill Lynch,876.5,2090.1
1992,26,Walt Disney,15716.1,11832.5
1992,27,General Motors,45059.3,-1165.6
1992,28,Goldman Sachs,42118.1,2936.8
1992,29,Xerox,47978.4,19337.3
1992,30,Goodyear,31005.3,18298.5
1992,31,General Dynamics,6879.1,-657.1
1992,32,Amazon,26105.2,15029.3
1992,33,Peabody Energy,6359.5,14054.3
1992,34,Walt Disney,41948.2,-2668.6
1992,35,General Electric,22152.3,-4304.5
1992,36,AT&T,28803.8,19585.4
1992,37,JPMorgan Chase,9734.5,-154.3
1992,38,Johnson & Johnson,36452.5,1512.0
1992,39,IBM,14110.8,10959.7
1992,40,Gulf Oil,5991.1,-1454.1
1992,41,Walt Disney,44782.9,4034.9
1992,42,Motorola,19844.6,-3160.6
1992,43,Chevron,10909.7,10838.8
1992,44,Raytheon,40523.2,-533.1
1992,45,Esmark,6301.8,19872.9
1992,46,General Motors,8340.2,-178.9
1992,47,General Electric,27029.7,407.7
1992,48,Wells Fargo,6182.0,494.0
1992,49,Procter & Gamble,13745.7,3713.8
1992,50,Dell,23618.7,18658.6
1993,1,Goodyear,12879.6,12934.9
1993,2,Merrill Lynch,5593.3,-858.7
1993,3,Motorola,47711.2,5593.4
1993,4,McDonald's,40886.7,5732.8
1993,5,JPMorgan Chase,19011.0,-818.8
1993,6,Esmark,47925.8,10097.1
1993,7,Cincinnati Financial,17936.5,3067.0
1993,8,Caterpillar,18208.4,4299.1
1993,9,Amazon,6554.0,3221.7
1993,10,Merck,28589.7,-3344.1
1993,11,Hewlett-Packard,30289.2,1951.2
1993,12,Chevron,28910.4,5880.1
1993,13,Amazon,10308.4,-3830.2
1993,14,Nike,21351.2,3171.9
1993,15,American Express,12202.9,14582.6
1993,16,General Motors,45626.3,5070.3
1993,17,Cincinnati Financial,2436.5,-2622.0
1993,18,Prudential Financial,36301.1,5008.6
1993,19,Amazon,24944.0,19599.2
1993,20,Wm. Wrigley Jr.,42509.3,4347.7
1993,21,Gulf Oil,1949.8,-2371.6
1993,22,Google,43138.7,-2799.6
1993,23,Goldman Sachs,40899.3,-
1993,24,IBM,13354.5,18678.6
1993,25,Chevron,13554.5,4488.9
1993,26,Xerox,46280.5,2983.3
1993,27,PepsiCo,37775.2,5332.3
1993,28,Raytheon,33577.6,6948.2
1993,29,Eli Lilly,48829.3,645.8
1993,30,Walt Disney,38427.0,15888.6
1993,31,Johnson & Johnson,33144.3,-3049.6
1993,32,Wm. Wrigley Jr.,3483.2,N.A.
1993,33,Intel,23673.4,3511.3
1993,34,Cincinnati Financial,25939.4,12712.8
1993,35,United Technologies,42466.4,17917.4
1993,36,American Express,48765.7,14500.5
1993,37,Goodyear,3897.6,18787.4
1993,38,Gulf Oil,7790.8,1014.1
1993,39,UnitedHealth Group,9758.0,6316.0
1993,40,Walt Disney,6357.1,301.7
1993,41,Merrill Lynch,25358.4,1814.7
1993,42,Chrysler,2932.2,-151.7
1993,43,Goodyear,20433.3,7340.4
1993,44,Lockheed Martin,5904.6,-2222.9
1993,45,Amoco,3130.3,-3353.8
1993,46,Chrysler,14135.2,5114.0
1993,47,Merrill Lynch,5514.6,1706.7
1993,48,Motorola,8965.9,12646.3
1993,49,Hewlett-Packard,36827.2,12511.8
1993,50,Abbott Laboratories,37085.0,-744.2
1994,1,Texaco,8748.9,19056.1
1994,2,Bristol-Myers Squibb,21682.2,17031.4
1994,3,Xerox,34120.5,19238.5
1994,4,General Motors,24671.2,15473.2
1994,5,Dell,41850.3,-1335.4
1994,6,Chrysler,5449.6,7266.5
1994,7,Citigroup,49494.8,4107.2
1994,8,Exxon Mobil,41473.6,7945.8
1994,9,Abbott Laboratories,6081.7,-4481.8
1994,10,MetLife,42885.1,7445.8
1994,11,Johnson & Johnson,29090.4,157.7
1994,12,DuPont,10095.2,19136.3
1994,13,Raytheon,49372.9,17758.2
1994,14,Citigroup,44455.7,19848.6
1994,15,Oracle,9933.3,15854.3
1994,16,Shell Oil,21956.3,14808.5
1994,17,Hewlett-Packard,5954.4,N.A.
1994,18,PepsiCo,23582.7,10594.9
1994,19,Eastman Kodak,15530.5,-4610.2
1994,20,Ford Motor,11257.6,7209.2
1994,21,General Motors,21801.0,-
1994,22,Pfizer,7317.1,7549.8
1994,23,United Technologies,47707.4,13326.3
1994,24,Lockheed Martin,29468.6,6829.4
1994,25,JPMorgan Chase,12812.1,4977.8
1994,26,Chrysler,44705.2,-667.5
1994,27,Lockheed Martin,34106.7,12083.0
1994,28,Dow Chemical,12876.0,2624.9
1994,29,Cisco Systems,28549.9,4399.1
1994,30,Lockheed Martin,5254.1,7595.4
1994,31,JPMorgan Chase,23684.8,5256.5
1994,32,General Electric,45671.6,-2789.3
1994,33,Coca-Cola,30952.8,7805.2
1994,34,Procter & Gamble,31234.0,-3661.6
1994,35,Merrill Lynch,6733.8,14074.9
1994,36,Kindred Healthcare,23280.9,15747.4
1994,37,Gulf Oil,17007.4,7036.7
1994,38,Berkshire Hathaway,43283.5,7770.5
1994,39,IBM,35227.8,19182.0
1994,40,Coca-Cola,11565.4,2522.3
1994,41,Oracle,36097.5,10591.6
1994,42,Dow Chemical,6178.1,N.A.
1994,43,Shell Oil,26231.2,-4383.6
1994,44,Peabody Energy,22468.9,5113.9
1994,45,Caterpillar,41103.4,15542.2
1994,46,Northrop Grumman,43036.0,10904.9
1994,47,Caterpillar,7513.5,7787.9
1994,48,Dow Chemical,24069.8,18977.3
1994,49,Wm. Wrigley Jr.,18683.3,14996.4
1994,50,Merck,21136.4,6427.1
1995,1,American Express,1045.5,17330.5
1995,2,Northrop Grumman,2610.3,6697.7
1995,3,UnitedHealth Group,14206.7,16396.0
1995,4,Peabody Energy,10933.6,7826.1
1995,5,Boeing,32968.0,3482.3
1995,6,Coca-Cola,14277.8,4848.2
1995,7,Abbott Laboratories,19137.9,9401.0
1995,8,Peabody Energy,38882.2,3101.9
1995,9,Citigroup,29432.4,-4262.0
1995,10,Eastman Kodak,11969.4,11983.1
1995,11,Google,38115.5,13316.2
1995,12,Walmart,5718.9,4602.1
1995,13,Prudential Financial,46157.6,-4064.5
1995,14,Chevron,22355.7,-4263.5
1995,15,Boeing,16397.4,19721.8
1995,16,Dow Chemical,10188.0,637.4
1995,17,Eastman Kodak,21986.1,-2849.5
1995,18,General Electric,31641.2,15250.2
1995,19,General Motors,18298.3,-3200.9
1995,20,Caterpillar,34276.9,8203.9
1995,21,Goodyear,41703.9,3802.7
1995,22,Coca-Cola,40179.0,16849.4
1995,23,AT&T,6796.0,7467.8
1995,24,IBM,30273.7,18515.4
1995,25,Pfizer,19826.1,-1053.4
1995,26,Hewlett-Packard,4201.5,18295.2
1995,27,Peabody Energy,15955.8,17295.2
1995,28,Bristol-Myers Squibb,46877.9,-4193.1
1995,29,Prudential Financial,13413.6,-1517.8
1995,30,Berkshire Hathaway,46246.6,890.4
1995,31,Chevron,40380.3,15875.1
1995,32,Esmark,17619.4,13482.2
1995,33,AT&T,44432.2,13083.2
1995,34,Gulf Oil,2262.2,5787.9
1995,35,Cisco Systems,39186.3,18281.2
1995,36,General Electric,38793.9,16507.4
1995,37,U.S. Steel,27848.6,12386.0
1995,38,Lockheed Martin,35216.2,-2050.2
1995,39,Goldman Sachs,17913.6,954.3
1995,40,DuPont,29636.6,17208.4
1995,41,Ford Motor,49551.5,N.A.
1995,42,Johnson & Johnson,40724.8,-485.2
1995,43,Ford Motor,16049.2,19952.2
1995,44,Procter & Gamble,30503.1,-3079.9
1995,45,Pfizer,46949.3,15335.6
1995,46,Microsoft,22455.3,8785.1
1995,47,Johnson & Johnson,26578.8,7586.1
1995,48,IBM,17658.5,7155.2
1995,49,AT&T,10576.0,763.4
1995,50,Motorola,6576.0,-4103.3
1996,1,Walmart,35067.9,-2144.0
1996,2,Wm. Wrigley Jr.,41898.1,2510.3
1996,3,AT&T,3456.1,-4528.8
1996,4,Morgan Stanley,19540.8,-389.3
1996,5,Lockheed Martin,26858.4,14074.9
1996,6,General Electric,45547.7,15703.9
1996,7,Walt Disney,40607.1,3523.6
1996,8,Lockheed Martin,43354.2,13810.0
1996,9,Gulf Oil,27888.1,2185.5
1996,10,Merck,21479.8,1502.5
1996,11,Morgan Stanley,23633.0,17692.8
1996,12,Nike,40079.7,1248.3
1996,13,Dell,17207.9,4042.4
1996,14,Pfizer,39230.1,-1892.3
1996,15,Google,41882.0,-4568.3
1996,16,Exxon Mobil,23588.8,16108.1
1996,17,Intel,20726.2,17426.1
1996,18,Amazon,47688.0,14668.4
1996,19,Walt Disney,43518.2,-1327.5
1996,20,IBM,12017.3,7668.0
1996,21,Northrop Grumman,29204.6,-3479.7
1996,22,Walt Disney,48776.5,N.A.
1996,23,JPMorgan Chase,27251.8,-2270.9
1996,24,Peabody Energy,22468.7,3144.7
1996,25,Goldman Sachs,41542.3,5661.9
1996,26,Hewlett-Packard,7582.4,3374.6
1996,27,MetLife,44920.9,2351.6
1996,28,General Electric,8435.5,17796.8
1996,29,General Electric,5758.5,12894.2
1996,30,Wendy's International,39281.6,4471.0
1996,31,Esmark,33024.4,11230.3
1996,32,Chevron,47951.9,19945.3
1996,33,Prudential Financial,27178.9,14955.1
1996,34,Bristol-Myers Squibb,33130.3,-124.4
1996,35,Dell,45597.9,19436.9
1996,36,Apple,23063.1,1026.2
1996,37,MetLife,18413.1,17865.9
1996,38,Abbott Laboratories,30458.3,9233.6
1996,39,Procter & Gamble,46323.0,11852.6
1996,40,Coca-Cola,30474.5,-2050.9
1996,41,MetLife,21340.6,10815.7
1996,42,Dow Chemical,45043.7,-1980.3
1996,43,Walt Disney,38392.7,-2475.1
1996,44,Esmark,41776.0,-3174.6
1996,45,Wendy's International,43410.6,3859.2
1996,46,AIG,34998.0,3420.2
1996,47,Bank of America,29778.2,-3869.1
1996,48,JPMorgan Chase,47521.0,13517.4
1996,49,Lockheed Martin,14819.9,-413.7
1996,50,Wendy's International,4647.6,4246.8
1997,1,UnitedHealth Group,19279.0,9702.0
1997,2,Chrysler,11997.0,7941.9
1997,3,Cincinnati Financial,29201.5,3070.0
1997,4,Amazon,37986.4,18626.3
1997,5,Motorola,21811.6,2859.2
1997,6,Citigroup,14597.2,5972.9
1997,7,Xerox,14779.7,13836.7
1997,8,Apple,33488.5,15969.7
1997,9,Xerox,1853.8,8495.7
1997,10,Goodyear,829.9,78.5
1997,11,General Dynamics,36738.4,2373.5
1997,12,Amoco,35954.4,17222.0
1997,13,Wm. Wrigley Jr.,13521.3,13290.8
1997,14,Amoco,48437.8,561.0
1997,15,Chevron,16692.2,10765.6
1997,16,Wendy's International,33768.0,17306.8
1997,17,Esmark,21952.2,2938.2
1997,18,Esmark,47484.5,9658.6
1997,19,Microsoft,33830.7,15346.7
1997,20,Wm. Wrigley Jr.,14488.7,18770.8
1997,21,Intel,658.3,213.7
1997,22,Boeing,2421.2,10775.7
1997,23,Walmart,32066.9,-498.4
1997,24,Cisco Systems,42114.2,7255.5
1997,25,Merrill Lynch,30093.2,473.3
1997,26,Hewlett-Packard,21269.9,5621.6
1997,27,Boeing,23504.4,12424.2
1997,28,Procter & Gamble,38797.2,7229.4
1997,29,MetLife,34517.5,377.7
1997,30,MetLife,3509.8,2940.5
1997,31,Merrill Lynch,40547.0,-3634.2
1997,32,Eli Lilly,36545.2,2712.8
1997,33,MetLife,11454.8,14488.8
1997,34,Amoco,47420.0,10124.0
1997,35,U.S. Steel,47538.8,14510.8
1997,36,Berkshire Hathaway,45655.3,11373.3
1997,37,Kindred Healthcare,10917.9,15953.7
1997,38,Merrill Lynch,43056.3,17766.3
1997,39,Berkshire Hathaway,20963.1,-4659.0
1997,40,U.S. Steel,37878.5,14783.6
1997,41,Ford Motor,8268.8,14310.3
1997,42,Johnson & Johnson,2172.0,4446.4
1997,43,AIG,6994.1,-2877.1
1997,44,Chevron,25473.2,-4496.1
1997,45,United Technologies,5230.1,15786.8
1997,46,Oracle,39346.2,2553.8
1997,47,UnitedHealth Group,10532.0,6785.0
1997,48,Dell,21762.0,1963.9
1997,49,Hewlett-Packard,45429.5,-4569.7
1997,50,Wm. Wrigley Jr.,36514.1,12864.5
1998,1,Raytheon,11591.0,802.9
1998,2,Goldman Sachs,24101.9,-1405.7
1998,3,AT&T,5221.8,7245.3
1998,4,Johnson & Johnson,4652.5,8085.1
1998,5,Apple,3417.2,13512.8
1998,6,United Technologies,2307.2,16785.7
1998,7,McDonald's,34674.7,8639.7
1998,8,Amazon,47994.0,7074.9
1998,9,AT&T,46100.9,-1817.9
1998,10,Exxon Mobil,8523.6,5940.0
1998,11,Amoco,2433.6,15078.8
1998,12,Eli Lilly,7423.3,-4768.5
1998,13,Shell Oil,22056.2,11917.1
1998,14,Kindred Healthcare,16458.1,-851.4
1998,15,Dell,26400.9,12861.9
1998,16,Kindred Healthcare,30423.6,3254.4
1998,17,Coca-Cola,8629.8,2942.2
1998,18,Boeing,7942.3,2796.0
1998,19,Goodyear,10363.7,-2632.1
1998,20,Merck,29925.5,17083.6
1998,21,Citigroup,31626.7,15518.9
1998,22,General Dynamics,29431.2,5081.7
1998,23,Pfizer,28275.1,9816.0
1998,24,Gulf Oil,36667.6,-2441.9
1998,25,Kindred Healthcare,29572.2,14299.5
1998,26,Nike,48349.6,17730.7
1998,27,Motorola,8820.9,-2716.5
1998,28,PepsiCo,7595.0,-
1998,29,Chevron,44849.7,5992.2
1998,30,Bristol-Myers Squibb,16690.9,9003.6
1998,31,Morgan Stanley,38809.0,15966.2
1998,32,Amazon,26768.9,18884.0
1998,33,Nike,35711.7,7252.3
1998,34,Pfizer,34425.7,3704.5
1998,35,General Electric,43373.9,3649.8
1998,36,General Dynamics,11082.1,18485.2
1998,37,Morgan Stanley,19023.2,-104.1
1998,38,Wells Fargo,26537.1,N.A.
1998,39,Oracle,16758.4,7569.8
1998,40,Exxon Mobil,30535.3,6968.4
1998,41,Ford Motor,49789.0,-3569.3
1998,42,General Electric,43227.7,10806.0
1998,43,Eli Lilly,9101.7,8639.7
1998,44,Gulf Oil,2390.6,-1170.2
1998,45,Boeing,43610.2,16145.1
1998,46,Mobil,22447.2,16447.3
1998,47,Nike,49178.5,-4583.1
1998,48,Amazon,44938.0,13053.4
1998,49,Wells Fargo,26058.9,15942.9
1998,50,Mobil,3715.3,13223.9
1999,1,AT&T,9043.0,12217.9
1999,2,MetLife,9061.9,-4919.4
1999,3,Nike,28247.7,15902.6
1999,4,DuPont,28526.4,-2736.0
1999,5,DuPont,9690.1,14168.1
1999,6,Exxon Mobil,11267.5,13106.9
1999,7,Johnson & Johnson,15735.2,16614.6
1999,8,Procter & Gamble,15869.1,1974.1
1999,9,Amazon,20992.1,-19.4
1999,10,Dell,13338.0,3878.8
1999,11,Wells Fargo,17768.5,10775.7
1999,12,Xerox,2318.2,8448.7
1999,13,Motorola,49690.9,12050.4
1999,14,Hewlett-Packard,10768.6,15746.4
1999,15,McDonald's,4992.5,6692.2
1999,16,Esmark,46135.0,6880.2
1999,17,Merck,29547.6,9709.8
1999,18,Esmark,16457.4,17525.6
1999,19,Eastman Kodak,21359.7,-2494.8
1999,20,JPMorgan Chase,15660.6,-4456.3
1999,21,UnitedHealth Group,29882.0,6839.3
1999,22,Johnson & Johnson,13002.5,11963.9
1999,23,Cisco Systems,2486.4,18368.9
1999,24,Peabody Energy,5838.8,9437.2
1999,25,General Electric,8619.3,9921.3
1999,26,Cincinnati Financial,10323.9,-1752.7
1999,27,Berkshire Hathaway,39534.2,14821.6
1999,28,PepsiCo,40173.7,-4978.9
1999,29,PepsiCo,10420.1,-385.2
1999,30,Motorola,22109.2,8883.7
1999,31,Goldman Sachs,744.8,8745.7
1999,32,Merrill Lynch,35089.6,15783.7
1999,33,Johnson & Johnson,38271.3,14076.1
1999,34,Coca-Cola,20294.2,11868.7
1999,35,General Dynamics,30048.5,11746.9
1999,36,General Electric,11473.9,4228.3
1999,37,Bank of America,25322.1,N.A.
1999,38,Merrill Lynch,45772.0,-300.7
1999,39,Intel,15445.9,-503.1
1999,40,United Technologies,14605.7,-4129.3
1999,41,Prudential Financial,9386.1,-2339.2
1999,42,AT&T,17641.2,5111.8
1999,43,Exxon Mobil,8463.7,12157.5
1999,44,Exxon Mobil,24563.9,14284.0
1999,45,Cisco Systems,21536.6,15178.1
1999,46,Raytheon,25352.0,16104.2
1999,47,Wells Fargo,6027.8,13990.3
1999,48,AT&T,7944.2,9753.8
1999,49,Dow Chemical,25987.4,5872.2
1999,50,Merck,14444.8,4177.6
2000,1,Goldman Sachs,12990.2,15479.2
2000,2,McDonald's,9347.0,3115.8
2000,3,Esmark,29991.1,13467.0
2000,4,Johnson & Johnson,9174.1,-1383.9
2000,5,Wm. Wrigley Jr.,21839.5,12224.8
2000,6,Johnson & Johnson,45979.4,15512.1
2000,7,UnitedHealth Group,2511.7,10233.8
2000,8,Chrysler,19404.7,18186.0
2000,9,Cisco Systems,21415.2,1421.5
2000,10,AT&T,41924.2,-208.9
2000,11,Walt Disney,49748.5,14843.1
2000,12,IBM,19024.7,5923.6
2000,13,Caterpillar,14204.3,17743.7
2000,14,Hewlett-Packard,13997.6,5358.1
2000,15,Procter & Gamble,14101.0,10871.4
2000,16,Chrysler,11455.5,N.A.
2000,17,Google,11442.4,10232.9
2000,18,UnitedHealth Group,29601.8,4726.0
2000,19,Exxon Mobil,17476.1,-1205.5
2000,20,Wm. Wrigley Jr.,10926.6,1392.3
2000,21,Esmark,33204.6,7163.5
2000,22,Citigroup,4613.1,2600.8
2000,23,Amazon,22849.2,9623.4
2000,24,JPMorgan Chase,28462.2,13784.7
2000,25,Hewlett-Packard,28043.8,18029.4
2000,26,Procter & Gamble,19232.2,4893.7
2000,27,Intel,49610.5,-1022.1
2000,28,AIG,27728.5,17511.5
2000,29,Nike,16310.5,17118.9
2000,30,Amazon,25364.1,5099.1
2000,31,Merck,14671.0,16833.5
2000,32,AIG,14776.2,6600.5
2000,33,Boeing,34325.9,5452.5
2000,34,Prudential Financial,20809.5,-1535.7
2000,35,Peabody Energy,49946.0,18637.2
2000,36,Google,30685.7,12109.1
2000,37,Goldman Sachs,1624.6,4733.5
2000,38,Wendy's International,43240.2,4226.6
2000,39,Walmart,9172.9,3068.1
2000,40,Dell,3708.2,6479.8
2000,41,Northrop Grumman,49490.8,7505.4
2000,42,Amoco,40282.5,17722.0
2000,43,Johnson & Johnson,23379.5,-
2000,44,Esmark,34260.2,6755.2
2000,45,American Express,3983.1,12899.4
2000,46,Shell Oil,35931.8,12869.1
2000,47,Northrop Grumman,24300.0,4959.9
2000,48,Ford Motor,18487.0,11240.7
2000,49,General Dynamics,39477.5,13948.5
2000,50,Amoco,36238.7,-1451.2
2001,1,Johnson & Johnson,39879.9,11050.9
2001,2,Chevron,23183.0,13924.5
2001,3,Bank of America,15117.0,12489.0
2001,4,Nike,29924.2,2210.8
2001,5,Microsoft,44068.4,2666.6
2001,6,Eastman Kodak,28598.2,11832.0
2001,7,United Technologies,37314.8,2308.3
2001,8,American Express,13236.6,9580.8
2001,9,PepsiCo,29419.6,13636.4
2001,10,Kindred Healthcare,20589.3,3605.3
2001,11,United Technologies,29563.2,4449.5
2001,12,Eli Lilly,32594.6,7100.0
2001,13,Morgan Stanley,1204.5,2732.7
2001,14,Microsoft,7929.4,-2010.2
2001,15,Dow Chemical,18146.8,17657.6
2001,16,Cincinnati Financial,44957.7,-4179.0
2001,17,Chrysler,47625.4,19041.4
2001,18,AT&T,48536.6,1199.3
2001,19,Pfizer,39964.9,16438.1
2001,20,Apple,34637.1,10228.4
2001,21,Nike,5022.3,-3408.3
2001,22,Procter & Gamble,26366.6,9641.9
2001,23,Abbott Laboratories,23481.4,2971.5
2001,24,Chevron,10223.1,-65.1
2001,25,Intel,30115.5,-
2001,26,Lockheed Martin,43126.4,14434.9
2001,27,Goodyear,29652.4,19805.9
2001,28,Pfizer,37850.7,-586.7
2001,29,Peabody Energy,24422.3,1605.0
2001,30,Johnson & Johnson,17386.5,10648.0
2001,31,Amoco,48872.8,2980.2
2001,32,Wendy's International,23790.1,5800.4
2001,33,Cisco Systems,5181.1,12174.0
2001,34,Caterpillar,10083.0,2680.0
2001,35,Oracle,16340.8,2501.5
2001,36,Motorola,28764.9,14159.9
2001,37,Xerox,42691.7,18917.7
2001,38,Bristol-Myers Squibb,32847.8,1734.6
2001,39,Walt Disney,23863.1,-1375.3
2001,40,Berkshire Hathaway,36472.1,2700.4
2001,41,Merrill Lynch,38253.4,N.A.
2001,42,AIG,3237.7,-1501.7
2001,43,UnitedHealth Group,38468.9,N.A.
2001,44,Dow Chemical,10826.1,4336.9
2001,45,Google,21661.2,13475.4
2001,46,Intel,31069.0,-3139.3
2001,47,Eastman Kodak,16611.4,6746.8
2001,48,Ford Motor,39170.8,12662.2
2001,49,Johnson & Johnson,14367.1,-2464.0
2001,50,Bank of America,14164.3,-2224.2
2002,1,Coca-Cola,44102.1,13311.2
2002,2,United Technologies,43760.6,9045.9
2002,3,Northrop Grumman,12638.7,1518.0
2002,4,Cincinnati Financial,40956.8,14247.6
2002,5,Amazon,47881.4,13681.8
2002,6,Intel,9614.9,3325.3
2002,7,Walt Disney,13140.2,-2020.2
2002,8,MetLife,21652.9,15791.9
2002,9,Mobil,45692.6,5930.2
2002,10,Esmark,48009.5,8470.2
2002,11,Hewlett-Packard,28953.4,9132.7
2002,12,Amoco,26822.2,-2806.7
2002,13,Merck,30696.6,14177.9
2002,14,Lockheed Martin,40978.9,19858.7
2002,15,United Technologies,32697.0,3495.2
2002,16,Cincinnati Financial,39165.1,17234.9
2002,17,AIG,28949.5,N.A.
2002,18,American Express,1434.1,1471.3
2002,19,Microsoft,29426.6,11340.3
2002,20,Dow Chemical,38611.4,17007.8
2002,21,United Technologies,9847.9,-2477.6
2002,22,Ford Motor,39083.4,3186.5
2002,23,Amazon,46459.0,-917.8
2002,24,McDonald's,12032.5,-4317.6
2002,25,Northrop Grumman,6593.9,16688.3
2002,26,Motorola,19330.6,140.8
2002,27,Morgan Stanley,29715.8,7667.6
2002,28,Kindred Healthcare,6524.3,7227.7
2002,29,JPMorgan Chase,37609.3,19628.8
2002,30,Peabody Energy,18313.0,6423.8
2002,31,General Motors,19311.4,-2498.3
2002,32,Wells Fargo,47313.7,16195.2
2002,33,Cisco Systems,11853.3,15254.2
2002,34,Bristol-Myers Squibb,1284.6,17433.3
2002,35,Ford Motor,7466.4,-1801.3
2002,36,United Technologies,7440.9,9905.1
2002,37,Motorola,43384.1,5371.9
2002,38,Eastman Kodak,21252.3,-1215.5
2002,39,Caterpillar,18570.9,-4250.5
2002,40,Motorola,15650.2,1629.5
2002,41,Google,1909.7,6762.6
2002,42,PepsiCo,45722.1,9962.7
2002,43,Cincinnati Financial,8902.1,567.5
2002,44,Prudential Financial,49415.5,19584.2
2002,45,Northrop Grumman,7153.1,2785.8
2002,46,Bristol-Myers Squibb,45027.7,8499.7
2002,47,Chrysler,24150.6,-92.8
2002,48,Microsoft,25979.3,11480.2
2002,49,Chrysler,36004.8,1244.5
2002,50,Pfizer,9639.0,19348.9
2003,1,Kindred Healthcare,26086.8,17488.3
2003,2,Google,21390.0,18365.6
2003,3,Esmark,37522.8,14854.9
2003,4,Caterpillar,1208.9,945.7
2003,5,Merrill Lynch,16465.4,3597.5
2003,6,AIG,22879.2,8647.0
2003,7,Shell Oil,37375.5,3433.8
2003,8,Caterpillar,13136.6,8722.5
2003,9,Chrysler,33566.6,-3422.1
2003,10,Wells Fargo,21612.5,-2635.4
2003,11,UnitedHealth Group,41588.9,-1842.5
2003,12,Citigroup,15698.0,-2925.8
2003,13,Peabody Energy,9539.3,7772.6
2003,14,PepsiCo,42080.6,13335.3
2003,15,JPMorgan Chase,26515.9,8264.0
2003,16,IBM,40112.9,18679.1
2003,17,Cincinnati Financial,8754.3,10872.7
2003,18,Microsoft,42240.3,18554.8
2003,19,General Dynamics,42985.6,18722.5
2003,20,Dell,19793.7,6913.6
2003,21,Google,7237.9,-
2003,22,Pfizer,35562.9,13336.5
2003,23,Texaco,3431.5,15561.0
2003,24,Johnson & Johnson,19866.3,9785.4
2003,25,Johnson & Johnson,41799.3,1905.4
2003,26,AIG,6611.8,-1203.8
2003,27,Northrop Grumman,7549.2,10918.9
2003,28,Kindred Healthcare,15902.4,6777.7
2003,29,Northrop Grumman,15291.7,6359.2
2003,30,Chevron,44071.2,16880.9
2003,31,Ford Motor,19384.3,6663.1
2003,32,Xerox,43874.0,13961.5
2003,33,Microsoft,26380.5,18993.4
2003,34,Wells Fargo,12444.0,12540.0
2003,35,Lockheed Martin,21372.9,2005.1
2003,36,Nike,45284.2,11674.5
2003,37,Pfizer,49162.8,15149.8
2003,38,Johnson & Johnson,29496.3,1643.9
2003,39,Eli Lilly,28253.2,7974.2
2003,40,Morgan Stanley,2584.0,11066.9
2003,41,Chrysler,28993.5,4017.5
2003,42,Prudential Financial,40856.5,11177.2
2003,43,Northrop Grumman,42685.5,18504.9
2003,44,Lockheed Martin,33618.9,-4396.4
2003,45,Berkshire Hathaway,5390.8,13226.4
2003,46,Pfizer,18250.2,19139.7
2003,47,Nike,22577.3,19774.4
2003,48,Walt Disney,38546.3,16587.1
2003,49,Google,37164.9,-698.5
2003,50,Wm. Wrigley Jr.,42904.0,13496.5
2004,1,Apple,16168.4,-2739.2
2004,2,AIG,15989.8,4567.4
2004,3,Walt Disney,42870.8,5944.2
2004,4,Wells Fargo,37861.2,-2213.0
2004,5,Oracle,45487.1,13919.3
2004,6,Boeing,20199.6,-2736.4
2004,7,AIG,42684.3,3845.0
2004,8,Coca-Cola,46102.3,15364.3
2004,9,Dell,30864.3,620.6
2004,10,Ford Motor,12672.2,-4341.0
2004,11,Microsoft,41745.8,645.8
2004,12,Intel,7696.1,16438.3
2004,13,Abbott Laboratories,41977.6,9202.1
2004,14,MetLife,9709.9,9386.4
2004,15,American Express,37466.2,15085.7
2004,16,Walt Disney,21850.1,867.6
2004,17,JPMorgan Chase,4313.5,15686.2
2004,18,Johnson & Johnson,39880.1,17937.0
2004,19,Peabody Energy,35563.5,15657.3
2004,20,Apple,36145.3,8851.8
2004,21,Microsoft,23531.7,10470.1
2004,22,Wm. Wrigley Jr.,29757.6,-4447.1
2004,23,Raytheon,28170.3,16689.4
2004,24,PepsiCo,3657.0,1902.3
2004,25,Pfizer,47393.9,7270.2
2004,26,Coca-Cola,49317.2,8459.9
2004,27,Cisco Systems,16861.4,18656.7
2004,28,PepsiCo,38431.9,16568.4
2004,29,IBM,35749.6,19433.8
2004,30,Texaco,26723.7,1220.0
2004,31,Boeing,41869.1,13216.7
2004,32,Berkshire Hathaway,4910.7,18725.7
2004,33,American Express,40343.2,16181.6
2004,34,Caterpillar,5245.2,16976.6
2004,35,Wm. Wrigley Jr.,4991.4,3780.0
2004,36,AT&T,17316.1,-4490.0
2004,37,Mobil,49109.5,-787.2
2004,38,Cincinnati Financial,1122.6,15001.0
2004,39,Goldman Sachs,43038.3,10521.8
2004,40,Caterpillar,26993.1,12079.5
2004,41,United Technologies,30186.1,12659.2
2004,42,Boeing,25612.8,10552.1
2004,43,Shell Oil,40456.6,3726.4
2004,44,Caterpillar,29710.3,-171.0
2004,45,United Technologies,49868.4,18215.2
2004,46,American Express,39311.1,-3363.4
2004,47,Johnson & Johnson,18601.8,-291.5
2004,48,AIG,2558.7,7010.6
2004,49,Chrysler,42464.8,17796.7
2004,50,Kindred Healthcare,20012.2,3007.9
2005,1,Raytheon,38294.4,5106.0
2005,2,Morgan Stanley,4578.3,9031.3
2005,3,American Express,15641.9,14271.1
2005,4,Mobil,26613.7,2678.0
2005,5,Boeing,32226.2,-3819.8
2005,6,Cisco Systems,19552.6,15593.7
2005,7,Lockheed Martin,37057.7,4270.6
2005,8,Ford Motor,45577.8,17308.9
2005,9,Amazon,4111.7,11010.5
2005,10,Exxon Mobil,2739.1,-2091.7
2005,11,Dell,734.6,15782.6
2005,12,Boeing,49360.7,15944.7
2005,13,Ford Motor,8218.5,1454.6
2005,14,General Dynamics,34179.6,2743.5
2005,15,McDonald's,20755.6,N.A.
2005,16,MetLife,19168.0,14480.6
2005,17,Pfizer,30206.4,12400.0
2005,18,Raytheon,6880.0,-2140.5
2005,19,Eastman Kodak,45159.7,3184.5
2005,20,Pfizer,47788.2,2120.2
2005,21,Hewlett-Packard,14592.9,-2015.0
2005,22,Dow Chemical,47535.3,-1822.1
2005,23,Esmark,23713.4,15827.4
2005,24,Caterpillar,4638.6,5898.7
2005,25,Goldman Sachs,22186.4,-3973.7
2005,26,Peabody Energy,38456.1,2948.0
2005,27,Exxon Mobil,47455.2,18046.0
2005,28,Citigroup,23370.8,4500.9
2005,29,Dell,25526.9,3397.2
2005,30,Northrop Grumman,1752.8,10041.5
2005,31,Hewlett-Packard,28064.2,-3582.2
2005,32,Texaco,20791.2,-752.1
2005,33,Google,18833.4,841.5
2005,34,Morgan Stanley,669.3,9173.9
2005,35,Microsoft,38227.7,-4505.2
2005,36,Bristol-Myers Squibb,46891.9,10401.2
2005,37,Raytheon,45556.9,1251.1
2005,38,UnitedHealth Group,24216.9,16986.1
2005,39,Microsoft,7648.2,19184.3
2005,40,Pfizer,44155.9,15136.3
2005,41,PepsiCo,2606.5,16292.1
2005,42,AIG,6688.7,5144.8
2005,43,Prudential Financial,23298.8,6587.9
2005,44,Bank of America,16637.5,147.9
2005,45,Intel,35773.2,13232.7
2005,46,Wells Fargo,45067.5,5205.2
2005,47,Oracle,11068.9,11305.9
2005,48,Cisco Systems,45281.5,5302.9
2005,49,Dow Chemical,11250.3,4607.3
2005,50,Kindred Healthcare,21873.3,161.3
